filename,width,height,class,xmin,ymin,xmax,ymax
PLACA_000001.jpg,4000,3000,placa,1925,1379,2628,1688
PLACA_000002.jpg,2592,1944,placa,733,535,2005,1045
PLACA_000003.jpg,3264,2448,placa,680,806,2498,1709
PLACA_000004.jpg,4000,3000,placa,1816,1844,2447,2113
PLACA_000005.jpg,4000,3000,placa,756,2057,1525,2379
PLACA_000006.jpg,4000,3000,placa,2044,1648,3103,2188
PLACA_000007.jpg,4000,3000,placa,1794,1482,2572,1879
PLACA_000008.jpg,2592,1944,placa,775,753,1521,1130
PLACA_000009.jpg,4000,3000,placa,1581,1798,2463,2204
PLACA_000010.jpg,4000,3000,placa,2897,1376,3481,1688
PLACA_000011.jpg,4000,3000,placa,1406,1782,2359,2238
PLACA_000012.jpg,2448,3264,placa,1645,1646,2374,2033
PLACA_000013.jpg,4000,3000,placa,1900,1373,2522,1663
PLACA_000014.jpg,1280,722,placa,1058,206,1189,283
PLACA_000014.jpg,1280,722,placa,719,273,859,355
PLACA_000014.jpg,1280,722,placa,168,268,289,343
PLACA_000015.jpg,4000,3000,placa,1584,1038,2641,1569
PLACA_000016.jpg,3264,2448,placa,73,483,3047,1790
PLACA_000017.jpg,3264,2448,placa,455,913,2233,2162
PLACA_000018.jpg,3264,2448,placa,254,319,2901,1566
PLACA_000019.jpg,4000,3000,placa,1709,1423,2447,1763
PLACA_000020.jpg,4000,3000,placa,1672,1479,2500,1816
PLACA_000021.jpg,4000,3000,placa,1819,1498,2559,1869
PLACA_000022.jpg,4000,3000,placa,1875,1535,2684,1838
PLACA_000023.jpg,4000,3000,placa,1938,1144,2331,1341
PLACA_000024.jpg,4000,3000,placa,1728,1344,2372,1616
PLACA_000025.jpg,4000,3000,placa,1588,1082,2184,1329
PLACA_000026.jpg,3024,4032,placa,1153,2237,1551,2433
PLACA_000027.jpg,3264,2448,placa,1513,974,2818,1616
PLACA_000028.jpg,4000,3000,placa,1353,1813,2297,2248
PLACA_000029.jpg,4000,3000,placa,1047,1257,1994,1698
PLACA_000030.jpg,3264,2448,placa,10,347,3191,1912
PLACA_000031.jpg,4000,3000,placa,1056,1379,1903,1832
PLACA_000031.jpg,4000,3000,placa,3528,1716,3999,2087
PLACA_000032.jpg,4000,3000,placa,1244,1369,2234,1888
PLACA_000033.jpg,4000,3000,placa,1822,1241,2563,1579
PLACA_000034.jpg,1600,1200,placa,503,78,992,322
PLACA_000035.jpg,3024,4032,placa,1337,2476,1736,2663
PLACA_000036.jpg,1632,1224,placa,365,440,1147,818
PLACA_000037.jpg,4000,3000,placa,1369,957,2453,1541
PLACA_000038.jpg,3264,2448,placa,208,518,2900,1864
PLACA_000039.jpg,4000,3000,placa,1359,1201,2434,1729
PLACA_000040.jpg,4000,3000,placa,1228,913,2022,1379
PLACA_000041.jpg,1632,1224,placa,312,377,1228,830
PLACA_000042.jpg,4000,3000,placa,784,1432,1484,1738
PLACA_000043.jpg,2448,3264,placa,1645,1655,2380,2035
PLACA_000044.jpg,1600,1200,placa,600,275,1065,513
PLACA_000045.jpg,2592,1944,placa,90,250,2477,1389
PLACA_000046.jpg,3648,2736,placa,842,915,3455,2154
PLACA_000047.jpg,4000,3000,placa,1241,904,2038,1373
PLACA_000048.jpg,4000,3000,placa,1700,1363,2819,1932
PLACA_000049.jpg,4000,3000,placa,1653,1273,2506,1694
PLACA_000050.jpg,4000,3000,placa,1734,819,2119,1010
PLACA_000051.jpg,4000,3000,placa,1841,1501,2403,1782
PLACA_000052.jpg,4000,3000,placa,1663,1523,2834,2073
PLACA_000053.jpg,4000,3000,placa,1781,1226,2363,1507
PLACA_000054.jpg,4000,3000,placa,1916,1379,2753,1751
PLACA_000055.jpg,4000,3000,placa,1572,1088,2231,1398
PLACA_000056.jpg,4000,3000,placa,1425,1638,2466,2082
PLACA_000057.jpg,4000,3000,placa,1875,1144,2619,1501
PLACA_000058.jpg,3264,2448,placa,175,435,2702,1831
PLACA_000059.jpg,4000,3000,placa,816,1438,1475,1729
PLACA_000060.jpg,4000,3000,placa,2947,1416,3563,1691
PLACA_000061.jpg,4000,3000,placa,1222,1044,1984,1460
PLACA_000062.jpg,4000,3000,placa,1722,1388,2331,1673
PLACA_000063.jpg,4000,3000,placa,1875,1094,2613,1438
PLACA_000064.jpg,4000,3000,placa,1316,1379,2031,1748
PLACA_000065.jpg,4000,3000,placa,2119,1151,3097,1691
PLACA_000066.jpg,4000,3000,placa,1672,1201,2459,1507
PLACA_000067.jpg,4000,3000,placa,1556,1060,2200,1391
PLACA_000068.jpg,3264,2448,placa,574,487,2510,1544
PLACA_000069.jpg,4000,3000,placa,1728,1363,2806,1923
PLACA_000070.jpg,4000,3000,placa,1681,1141,2403,1473
PLACA_000071.jpg,4000,3000,placa,1525,1173,2153,1435
PLACA_000072.jpg,4000,3000,placa,1625,1813,2278,2144
PLACA_000073.jpg,4000,3000,placa,1725,1316,2447,1638
PLACA_000074.jpg,4000,3000,placa,1706,1282,2338,1585
PLACA_000075.jpg,4000,3000,placa,1781,932,2400,1232
PLACA_000076.jpg,4000,3000,placa,1834,1844,2447,2123
PLACA_000077.jpg,4000,3000,placa,678,1941,1441,2273
PLACA_000078.jpg,3024,4032,placa,1538,2186,1959,2379
PLACA_000079.jpg,3024,4032,placa,1365,1733,1896,2011
PLACA_000080.jpg,3024,4032,placa,1134,2253,1611,2492
PLACA_000081.jpg,4000,3000,placa,1491,1376,2050,1619
PLACA_000082.jpg,3024,4032,placa,1521,2257,1876,2427
PLACA_000083.jpg,4000,3000,placa,1866,919,2431,1219
PLACA_000084.jpg,4000,3000,placa,1425,1588,2809,2191
PLACA_000085.jpg,4000,3000,placa,1713,1323,2475,1679
PLACA_000086.jpg,4000,3000,placa,1588,1010,2447,1510
PLACA_000087.jpg,4000,3000,placa,2006,1179,2559,1466
PLACA_000088.jpg,4000,3000,placa,1700,1363,2819,1932
PLACA_000089.jpg,4000,3000,placa,1453,1104,2263,1444
PLACA_000090.jpg,4000,3000,placa,1413,882,1906,1119
PLACA_000091.jpg,4000,3000,placa,1538,1310,2213,1619
PLACA_000092.jpg,4000,3000,placa,1578,1179,2222,1448
PLACA_000093.jpg,4000,3000,placa,1431,891,1894,1113
PLACA_000094.jpg,4000,3000,placa,1625,1210,2444,1544
PLACA_000095.jpg,4000,3000,placa,1919,1557,2694,1876
PLACA_000096.jpg,4000,3000,placa,1816,2004,2534,2323
PLACA_000097.jpg,4000,3000,placa,1631,1382,2422,1779
PLACA_000098.jpg,4000,3000,placa,1575,1123,2172,1376
PLACA_000099.jpg,3024,4032,placa,1537,2363,2118,2647
PLACA_000100.jpg,4000,3000,placa,1669,1273,2488,1676
PLACA_000101.jpg,4000,3000,placa,1703,1616,2559,2004
PLACA_000102.jpg,4000,3000,placa,1416,1291,2222,1623
PLACA_000103.jpg,4000,3000,placa,1838,1944,2534,2248
PLACA_000104.jpg,4000,3000,placa,1688,1476,2403,1791
PLACA_000105.jpg,4000,3000,placa,1453,1779,2388,2207
PLACA_000106.jpg,3024,4032,placa,1339,2533,1819,2772
PLACA_000107.jpg,4000,3000,placa,1394,1460,2503,1973
PLACA_000108.jpg,416,416,placa,148,198,293,292
PLACA_000109.jpg,2816,2112,placa,648,626,2285,1426
PLACA_000110.jpg,2816,2112,placa,723,608,2074,1323
PLACA_000111.jpg,3840,2160,placa,531,1352,769,1496
PLACA_000111.jpg,3840,2160,placa,1593,1074,1716,1151
PLACA_000111.jpg,3840,2160,placa,2263,975,2361,1052
PLACA_000111.jpg,3840,2160,placa,3161,858,3214,903
PLACA_000111.jpg,3840,2160,placa,2883,899,2948,948
PLACA_000112.jpg,500,375,placa,52,71,449,254
PLACA_000113.jpg,3840,2160,placa,3092,1280,3260,1375
PLACA_000113.jpg,3840,2160,placa,285,1357,343,1399
PLACA_000113.jpg,3840,2160,placa,1200,1223,1239,1248
PLACA_000113.jpg,3840,2160,placa,2215,1266,2338,1327
PLACA_000113.jpg,3840,2160,placa,1871,1267,1958,1313
PLACA_000113.jpg,3840,2160,placa,417,1301,458,1339
PLACA_000113.jpg,3840,2160,placa,1582,1211,1640,1247
PLACA_000113.jpg,3840,2160,placa,70,1416,147,1473
PLACA_000113.jpg,3840,2160,placa,1490,1205,1521,1238
PLACA_000114.jpg,3264,2448,placa,237,207,2847,1491
PLACA_000115.jpg,4000,3000,placa,1672,1479,2534,1832
PLACA_000116.jpg,3024,4032,placa,1196,2774,1667,3008
PLACA_000117.jpg,4000,3000,placa,1569,1082,2241,1407
PLACA_000118.jpg,4000,3000,placa,1763,985,2169,1194
PLACA_000119.jpg,3024,4032,placa,1146,2413,1642,2641
PLACA_000120.jpg,4000,3000,placa,1316,1379,2031,1748
PLACA_000121.jpg,3840,2160,placa,2205,771,2476,931
PLACA_000121.jpg,3840,2160,placa,803,757,970,857
PLACA_000121.jpg,3840,2160,placa,263,775,359,841
PLACA_000122.jpg,3264,2448,placa,203,477,2373,1623
PLACA_000123.jpg,4000,3000,placa,1803,1379,2441,1669
PLACA_000124.jpg,847,719,placa,203,247,650,473
PLACA_000125.jpg,4000,3000,placa,1834,1954,2566,2254
PLACA_000126.jpg,4000,3000,placa,731,2035,1506,2391
PLACA_000127.jpg,4000,3000,placa,2009,1660,3138,2188
PLACA_000128.jpg,500,375,placa,16,87,397,267
PLACA_000129.jpg,416,416,placa,82,197,154,244
PLACA_000130.jpg,4000,3000,placa,1925,1157,2363,1354
PLACA_000131.jpg,4000,3000,placa,1831,1641,2713,2035
PLACA_000132.jpg,4000,3000,placa,1675,1276,2322,1566
PLACA_000133.jpg,3264,2448,placa,323,783,2273,1715
PLACA_000134.jpg,4000,3000,placa,1591,1163,2378,1494
PLACA_000135.jpg,4000,3000,placa,2203,1001,2769,1285
PLACA_000136.jpg,4000,3000,placa,1659,1338,2181,1604
PLACA_000137.jpg,4000,3000,placa,1550,1069,2572,1598
PLACA_000138.jpg,3264,2448,placa,457,170,2474,1288
PLACA_000139.jpg,4000,3000,placa,1816,1844,2447,2113
PLACA_000140.jpg,416,416,placa,128,204,271,308
PLACA_000141.jpg,4000,3000,placa,1609,2107,2319,2410
PLACA_000142.jpg,4000,3000,placa,1881,1432,2525,1701
PLACA_000143.jpg,4000,3000,placa,1731,1348,2378,1613
PLACA_000144.jpg,3264,2448,placa,685,199,2988,1367
PLACA_000145.jpg,2816,2112,placa,884,811,1888,1215
PLACA_000146.jpg,3264,2448,placa,449,660,2943,1843
PLACA_000147.jpg,2592,1944,placa,965,691,2057,1240
PLACA_000148.jpg,3024,4032,placa,1195,2593,1781,2894
PLACA_000149.jpg,3024,4032,placa,1117,2065,1585,2297
PLACA_000150.jpg,500,375,placa,26,55,429,306
PLACA_000151.jpg,416,416,placa,167,259,239,302
PLACA_000152.jpg,500,375,placa,144,107,334,233
PLACA_000153.jpg,450,600,placa,113,259,377,392
PLACA_000154.jpg,450,600,placa,16,328,406,527
PLACA_000155.jpg,450,600,placa,105,292,351,402
PLACA_000156.jpg,500,375,placa,142,59,333,143
PLACA_000157.jpg,4000,3000,placa,1834,1844,2447,2123
PLACA_000158.jpg,500,375,placa,98,95,368,229
PLACA_000159.jpg,4000,3000,placa,1556,1060,2200,1391
PLACA_000160.jpg,555,452,placa,247,229,339,276
PLACA_000161.jpg,500,375,placa,69,99,391,238
PLACA_000162.jpg,1439,956,placa,594,527,867,689
PLACA_000163.jpg,416,416,placa,175,199,239,241
PLACA_000164.jpg,500,375,placa,41,122,297,256
PLACA_000165.jpg,500,375,placa,79,77,356,228
PLACA_000166.jpg,416,416,placa,165,138,259,212
PLACA_000167.jpg,416,416,placa,200,169,283,224
PLACA_000168.jpg,416,416,placa,209,165,265,200
PLACA_000169.jpg,848,586,placa,271,176,439,273
PLACA_000170.jpg,500,375,placa,106,107,368,234
PLACA_000171.jpg,500,375,placa,159,136,302,190
PLACA_000172.jpg,500,375,placa,86,86,381,246
PLACA_000173.jpg,450,600,placa,20,338,396,516
PLACA_000174.jpg,500,282,placa,198,123,299,171
PLACA_000175.jpg,500,375,placa,206,160,330,229
PLACA_000176.jpg,640,480,placa,48,129,579,347
PLACA_000177.jpg,416,416,placa,170,133,231,172
PLACA_000178.jpg,1600,1200,placa,673,400,1236,623
PLACA_000179.jpg,500,373,placa,173,151,342,245
PLACA_000180.jpg,416,416,placa,82,287,153,329
PLACA_000181.jpg,1028,698,placa,341,396,616,531
PLACA_000182.jpg,500,375,placa,159,147,300,225
PLACA_000183.jpg,500,375,placa,125,103,338,194
PLACA_000184.jpg,500,375,placa,133,90,367,263
PLACA_000185.jpg,2592,1944,placa,798,975,1275,1243
PLACA_000186.jpg,1540,1150,placa,692,455,1251,815
PLACA_000187.jpg,500,374,placa,148,128,338,253
PLACA_000188.jpg,416,416,placa,209,163,266,203
PLACA_000189.jpg,500,375,placa,66,111,427,283
PLACA_000190.jpg,400,300,placa,168,101,309,154
PLACA_000191.jpg,499,373,placa,231,158,400,257
PLACA_000192.jpg,500,375,placa,103,99,371,237
PLACA_000193.jpg,500,375,placa,74,84,433,261
PLACA_000194.jpg,500,375,placa,46,81,443,284
PLACA_000195.jpg,499,373,placa,243,200,371,273
PLACA_000196.jpg,500,375,placa,112,133,268,216
PLACA_000197.jpg,416,416,placa,171,204,261,252
PLACA_000198.jpg,2592,1944,placa,1165,795,1465,979
PLACA_000199.jpg,800,442,placa,31,34,775,409
PLACA_000200.jpg,500,375,placa,0,45,395,243
PLACA_000201.jpg,416,416,placa,201,191,276,233
PLACA_000202.jpg,416,416,placa,178,192,291,263
PLACA_000203.jpg,500,332,placa,208,183,300,242
PLACA_000204.jpg,1000,750,placa,251,217,777,463
PLACA_000205.jpg,500,375,placa,50,103,426,271
PLACA_000206.jpg,450,600,placa,26,216,434,405
PLACA_000207.jpg,416,416,placa,152,220,289,312
PLACA_000208.jpg,500,375,placa,77,69,401,222
PLACA_000209.jpg,3840,2160,placa,271,356,370,427
PLACA_000209.jpg,3840,2160,placa,1070,337,1226,421
PLACA_000209.jpg,3840,2160,placa,2163,413,2358,529
PLACA_000209.jpg,3840,2160,placa,3190,595,3311,698
PLACA_000210.jpg,1000,750,placa,241,229,787,482
PLACA_000211.jpg,2592,1944,placa,554,520,1751,1096
PLACA_000212.jpg,416,416,placa,202,176,283,222
PLACA_000213.jpg,3840,2160,placa,1874,1820,2198,1977
PLACA_000213.jpg,3840,2160,placa,2957,1444,3099,1526
PLACA_000213.jpg,3840,2160,placa,3347,1336,3425,1398
PLACA_000214.jpg,2592,1944,placa,547,408,2139,1105
PLACA_000215.jpg,416,416,placa,201,188,277,235
PLACA_000216.jpg,500,375,placa,77,122,432,280
PLACA_000217.jpg,416,416,placa,175,177,244,219
PLACA_000218.jpg,416,416,placa,202,157,244,188
PLACA_000219.jpg,500,375,placa,72,112,452,287
PLACA_000220.jpg,416,416,placa,152,246,250,306
PLACA_000221.jpg,500,375,placa,95,72,329,188
PLACA_000222.jpg,500,375,placa,152,159,337,255
PLACA_000223.jpg,500,375,placa,170,136,286,192
PLACA_000224.jpg,400,276,placa,8,14,389,270
PLACA_000225.jpg,500,375,placa,105,68,432,207
PLACA_000226.jpg,600,800,placa,279,279,409,357
PLACA_000227.jpg,3840,2160,placa,768,975,1084,1182
PLACA_000227.jpg,3840,2160,placa,2688,394,2731,423
PLACA_000227.jpg,3840,2160,placa,2368,457,2454,514
PLACA_000227.jpg,3840,2160,placa,1912,546,2060,637
PLACA_000228.jpg,500,375,placa,84,137,406,315
PLACA_000229.jpg,416,416,placa,148,124,197,154
PLACA_000230.jpg,416,416,placa,185,129,250,173
PLACA_000231.jpg,416,416,placa,174,189,300,269
PLACA_000232.jpg,1540,1150,placa,699,471,1246,806
PLACA_000233.jpg,500,375,placa,109,120,407,282
PLACA_000234.jpg,1540,1150,placa,738,617,1142,836
PLACA_000235.jpg,416,416,placa,179,158,252,212
PLACA_000236.jpg,500,375,placa,123,71,374,266
PLACA_000237.jpg,400,317,placa,98,83,312,211
PLACA_000238.jpg,500,375,placa,153,189,246,242
PLACA_000239.jpg,416,416,placa,204,167,285,215
PLACA_000240.jpg,416,416,placa,196,124,256,169
PLACA_000241.jpg,416,416,placa,198,216,296,291
PLACA_000242.jpg,1024,768,placa,173,191,833,516
PLACA_000243.jpg,416,416,placa,161,132,244,206
PLACA_000244.jpg,1600,1200,placa,678,398,1067,577
PLACA_000245.jpg,416,416,placa,193,125,255,171
PLACA_000246.jpg,320,240,placa,59,64,200,135
PLACA_000247.jpg,500,375,placa,114,171,319,301
PLACA_000248.jpg,1498,683,placa,8,7,1495,675
PLACA_000249.jpg,1600,1200,placa,598,418,959,593
PLACA_000250.jpg,2592,1944,placa,452,625,2172,1385
PLACA_000251.jpg,3264,2448,placa,1190,874,2346,1466
PLACA_000252.jpg,500,375,placa,156,161,335,247
PLACA_000253.jpg,3472,2604,placa,917,1221,1878,1745
PLACA_000254.jpg,3840,2160,placa,608,1060,852,1222
PLACA_000254.jpg,3840,2160,placa,2959,681,3000,711
PLACA_000254.jpg,3840,2160,placa,1549,822,1695,906
PLACA_000254.jpg,3840,2160,placa,2750,688,2800,722
PLACA_000254.jpg,3840,2160,placa,2318,709,2384,753
PLACA_000254.jpg,3840,2160,placa,1896,736,1978,788
PLACA_000255.jpg,3840,2160,placa,3030,914,3348,1084
PLACA_000255.jpg,3840,2160,placa,1704,772,1884,877
PLACA_000255.jpg,3840,2160,placa,1262,783,1377,853
PLACA_000255.jpg,3840,2160,placa,1039,793,1122,844
PLACA_000256.jpg,2592,1944,placa,778,553,1773,1193
PLACA_000257.jpg,800,456,placa,42,48,761,414
PLACA_000258.jpg,500,375,placa,71,97,369,247
PLACA_000259.jpg,1044,783,placa,301,281,459,397
PLACA_000260.jpg,416,416,placa,168,173,248,233
PLACA_000261.jpg,2592,1944,placa,875,685,1491,1001
PLACA_000262.jpg,2592,1944,placa,525,515,1481,957
PLACA_000263.jpg,1280,960,placa,638,591,761,659
PLACA_000263.jpg,1280,960,placa,276,416,326,448
PLACA_000263.jpg,1280,960,placa,53,389,106,425
PLACA_000264.jpg,2592,1944,placa,307,313,2346,1313
PLACA_000265.jpg,500,375,placa,80,78,383,227
PLACA_000266.jpg,500,375,placa,51,84,438,282
PLACA_000267.jpg,500,375,placa,15,60,423,298
PLACA_000268.jpg,500,375,placa,107,93,415,247
PLACA_000269.jpg,416,416,placa,207,204,279,254
PLACA_000270.jpg,416,416,placa,197,218,300,289
PLACA_000271.jpg,3840,2160,placa,388,1026,620,1172
PLACA_000271.jpg,3840,2160,placa,2343,596,2506,676
PLACA_000271.jpg,3840,2160,placa,3374,566,3421,598
PLACA_000271.jpg,3840,2160,placa,3488,565,3539,594
PLACA_000271.jpg,3840,2160,placa,2998,632,3103,690
PLACA_000271.jpg,3840,2160,placa,3575,607,3610,632
PLACA_000272.jpg,416,416,placa,179,240,254,292
PLACA_000273.jpg,500,375,placa,131,168,326,267
PLACA_000274.jpg,416,416,placa,173,247,242,291
PLACA_000275.jpg,500,375,placa,74,95,403,244
PLACA_000276.jpg,416,416,placa,196,186,248,218
PLACA_000277.jpg,416,416,placa,145,286,220,337
PLACA_000278.jpg,416,416,placa,193,277,265,323
PLACA_000279.jpg,500,375,placa,108,42,449,202
PLACA_000280.jpg,4000,3000,placa,1819,1519,2397,1835
PLACA_000281.jpg,500,375,placa,128,77,372,248
PLACA_000282.jpg,1016,758,placa,363,298,689,496
PLACA_000283.jpg,500,375,placa,114,87,397,251
PLACA_000284.jpg,1024,768,placa,93,111,931,499
PLACA_000285.jpg,500,375,placa,178,152,309,219
PLACA_000286.jpg,3840,2160,placa,1107,1426,1274,1501
PLACA_000286.jpg,3840,2160,placa,1882,1366,1999,1424
PLACA_000286.jpg,3840,2160,placa,2391,1221,2446,1252
PLACA_000286.jpg,3840,2160,placa,3535,1152,3579,1184
PLACA_000286.jpg,3840,2160,placa,3437,1133,3474,1157
PLACA_000286.jpg,3840,2160,placa,2216,1282,2291,1326
PLACA_000286.jpg,3840,2160,placa,3636,1170,3687,1200
PLACA_000287.jpg,3840,2160,placa,579,192,818,329
PLACA_000287.jpg,3840,2160,placa,1860,107,2023,214
PLACA_000288.jpg,2592,1944,placa,1004,431,1974,921
PLACA_000289.jpg,500,375,placa,183,103,358,222
PLACA_000290.jpg,3472,2604,placa,870,1457,1812,2024
PLACA_000291.jpg,500,375,placa,70,79,470,258
PLACA_000292.jpg,3264,2448,placa,1743,1057,2721,1571
PLACA_000293.jpg,2592,1944,placa,751,599,1386,981
PLACA_000294.jpg,4000,3000,placa,1681,1457,2303,1735
PLACA_000295.jpg,500,375,placa,42,106,448,270
PLACA_000296.jpg,4000,3000,placa,1591,1629,2250,1979
PLACA_000297.jpg,376,254,placa,36,96,322,237
PLACA_000298.jpg,3840,2160,placa,1009,1104,1356,1277
PLACA_000298.jpg,3840,2160,placa,2359,950,2490,1027
PLACA_000298.jpg,3840,2160,placa,3355,998,3410,1034
PLACA_000298.jpg,3840,2160,placa,3015,975,3078,1016
PLACA_000298.jpg,3840,2160,placa,2735,982,2830,1039
PLACA_000299.jpg,3840,2160,placa,646,1078,688,1105
PLACA_000299.jpg,3840,2160,placa,768,1073,805,1096
PLACA_000299.jpg,3840,2160,placa,513,1066,559,1096
PLACA_000299.jpg,3840,2160,placa,273,1109,328,1141
PLACA_000299.jpg,3840,2160,placa,2019,1122,2083,1161
PLACA_000299.jpg,3840,2160,placa,1882,1068,1932,1099
PLACA_000299.jpg,3840,2160,placa,2,1119,52,1157
PLACA_000299.jpg,3840,2160,placa,2190,1119,2276,1168
PLACA_000299.jpg,3840,2160,placa,2441,1231,2576,1307
PLACA_000299.jpg,3840,2160,placa,3348,1075,3421,1108
PLACA_000300.jpg,3472,2604,placa,786,1172,2231,2093
PLACA_000301.jpg,2592,1944,placa,383,448,2116,1270
PLACA_000302.jpg,2166,1934,placa,915,1170,1263,1405
PLACA_000303.jpg,500,375,placa,129,64,373,266
PLACA_000304.jpg,3840,2160,placa,1093,715,1287,814
PLACA_000304.jpg,3840,2160,placa,2145,599,2202,633
PLACA_000304.jpg,3840,2160,placa,1736,617,1838,676
PLACA_000304.jpg,3840,2160,placa,1952,626,2031,670
PLACA_000304.jpg,3840,2160,placa,3567,855,3615,891
PLACA_000304.jpg,3840,2160,placa,3808,967,3840,1015
PLACA_000304.jpg,3840,2160,placa,2257,616,2296,650
PLACA_000305.jpg,400,300,placa,121,101,386,237
PLACA_000306.jpg,500,375,placa,117,174,250,276
PLACA_000307.jpg,2592,1944,placa,73,405,2224,1293
PLACA_000308.jpg,2592,1944,placa,345,523,2091,1390
PLACA_000309.jpg,3264,2448,placa,477,638,2428,1591
PLACA_000310.jpg,2592,1944,placa,810,730,1566,1090
PLACA_000311.jpg,3472,2604,placa,710,410,3028,1454
PLACA_000312.jpg,3264,2448,placa,955,837,2230,1702
PLACA_000313.jpg,2592,1944,placa,345,545,2098,1460
PLACA_000314.jpg,2592,1944,placa,375,138,2042,889
PLACA_000315.jpg,2592,1944,placa,578,280,1728,1115
PLACA_000316.jpg,3472,2604,placa,455,546,3262,1811
PLACA_000317.jpg,2592,1944,placa,810,748,1585,1133
PLACA_000318.jpg,3840,2160,placa,1666,1191,1730,1227
PLACA_000318.jpg,3840,2160,placa,493,1310,531,1342
PLACA_000318.jpg,3840,2160,placa,3167,1237,3336,1328
PLACA_000318.jpg,3840,2160,placa,362,1363,420,1403
PLACA_000318.jpg,3840,2160,placa,1575,1185,1609,1215
PLACA_000318.jpg,3840,2160,placa,1963,1242,2042,1287
PLACA_000318.jpg,3840,2160,placa,141,1430,223,1482
PLACA_000318.jpg,3840,2160,placa,1493,1181,1524,1204
PLACA_000318.jpg,3840,2160,placa,2305,1228,2424,1294
PLACA_000318.jpg,3840,2160,placa,1287,1212,1325,1233
PLACA_000319.jpg,500,375,placa,109,109,395,262
PLACA_000320.jpg,3840,2160,placa,2202,639,2406,780
PLACA_000320.jpg,3840,2160,placa,3221,840,3270,885
PLACA_000320.jpg,3840,2160,placa,3052,817,3117,866
PLACA_000320.jpg,3840,2160,placa,2847,739,2943,819
PLACA_000320.jpg,3840,2160,placa,3318,893,3353,928
PLACA_000321.jpg,500,375,placa,95,91,399,250
PLACA_000322.jpg,2592,1944,placa,1159,806,1468,977
PLACA_000323.jpg,500,375,placa,6,228,133,290
PLACA_000324.jpg,2592,1944,placa,470,515,1955,1415
PLACA_000325.jpg,3840,2160,placa,3255,1272,3428,1368
PLACA_000325.jpg,3840,2160,placa,2448,1194,2540,1243
PLACA_000326.jpg,3840,2160,placa,1948,1177,2298,1414
PLACA_000326.jpg,3840,2160,placa,588,819,755,921
PLACA_000326.jpg,3840,2160,placa,230,749,326,815
PLACA_000326.jpg,3840,2160,placa,63,720,121,767
PLACA_000327.jpg,2592,1944,placa,827,606,1919,1142
PLACA_000328.jpg,3840,2160,placa,2487,684,2816,923
PLACA_000328.jpg,3840,2160,placa,1324,350,1503,462
PLACA_000328.jpg,3840,2160,placa,970,310,1075,369
PLACA_000328.jpg,3840,2160,placa,790,294,855,334
PLACA_000329.jpg,2592,1944,placa,505,155,2268,983
PLACA_000330.jpg,2592,1944,placa,620,218,2133,985
PLACA_000331.jpg,500,375,placa,126,131,408,264
PLACA_000332.jpg,416,416,placa,167,149,228,185
PLACA_000333.jpg,4000,3000,placa,1966,1385,2678,1694
PLACA_000334.jpg,500,375,placa,125,148,372,252
PLACA_000335.jpg,500,375,placa,47,46,428,222
PLACA_000336.jpg,500,375,placa,123,65,426,224
PLACA_000337.jpg,1024,768,placa,154,161,847,547
PLACA_000338.jpg,500,375,placa,73,40,370,195
PLACA_000339.jpg,1024,768,placa,136,237,809,532
PLACA_000340.jpg,1280,722,placa,649,257,747,339
PLACA_000340.jpg,1280,722,placa,457,104,488,123
PLACA_000341.jpg,2592,1944,placa,178,273,2405,1220
PLACA_000342.jpg,2592,1944,placa,313,180,1313,673
PLACA_000343.jpg,500,375,placa,43,62,461,264
PLACA_000344.jpg,500,375,placa,241,169,368,240
PLACA_000345.jpg,2592,1944,placa,523,418,2228,1258
PLACA_000346.jpg,500,375,placa,145,122,267,187
PLACA_000347.jpg,2592,1944,placa,356,477,1935,1293
PLACA_000348.jpg,2592,1944,placa,464,243,1603,953
PLACA_000349.jpg,416,416,placa,147,197,291,297
PLACA_000350.jpg,3840,2160,placa,1202,728,1384,841
PLACA_000350.jpg,3840,2160,placa,1942,800,2064,881
PLACA_000350.jpg,3840,2160,placa,2224,795,2300,842
PLACA_000350.jpg,3840,2160,placa,3051,929,3149,999
PLACA_000350.jpg,3840,2160,placa,3628,1025,3688,1083
PLACA_000351.jpg,4000,3000,placa,1359,1082,2103,1435
PLACA_000352.jpg,500,375,placa,164,152,330,215
PLACA_000353.jpg,500,375,placa,224,147,325,199
PLACA_000354.jpg,500,375,placa,107,107,380,239
PLACA_000355.jpg,3024,4032,placa,1143,2516,1702,2761
PLACA_000356.jpg,4000,3000,placa,1128,1576,2519,2241
PLACA_000357.jpg,500,375,placa,33,45,439,231
PLACA_000358.jpg,416,416,placa,173,185,229,225
PLACA_000359.jpg,416,416,placa,162,200,218,241
PLACA_000360.jpg,416,416,placa,180,199,253,244
PLACA_000361.jpg,416,416,placa,212,175,299,229
PLACA_000362.jpg,416,416,placa,181,216,244,258
PLACA_000363.jpg,500,375,placa,75,53,388,229
PLACA_000364.jpg,416,416,placa,202,217,284,263
PLACA_000365.jpg,416,416,placa,199,217,294,284
PLACA_000366.jpg,2592,1944,placa,923,640,1456,927
PLACA_000367.jpg,500,375,placa,91,116,410,254
PLACA_000368.jpg,500,375,placa,180,115,250,148
PLACA_000369.jpg,1280,960,placa,277,309,880,618
PLACA_000370.jpg,500,375,placa,89,85,299,235
PLACA_000371.jpg,3840,2160,placa,1219,1527,1265,1552
PLACA_000371.jpg,3840,2160,placa,870,1531,921,1564
PLACA_000371.jpg,3840,2160,placa,2446,1567,2493,1596
PLACA_000371.jpg,3840,2160,placa,1102,1512,1153,1540
PLACA_000371.jpg,3840,2160,placa,2581,1617,2635,1652
PLACA_000371.jpg,3840,2160,placa,1338,1526,1377,1550
PLACA_000371.jpg,3840,2160,placa,2974,1710,3086,1770
PLACA_000371.jpg,3840,2160,placa,594,1516,665,1559
PLACA_000371.jpg,3840,2160,placa,2745,1615,2823,1659
PLACA_000371.jpg,3840,2160,placa,106,1525,196,1584
PLACA_000372.jpg,640,480,placa,18,109,510,342
PLACA_000373.jpg,500,375,placa,123,100,357,213
PLACA_000374.jpg,500,375,placa,109,107,453,247
PLACA_000375.jpg,2816,2112,placa,1016,772,1734,1137
PLACA_000376.jpg,2816,2112,placa,669,736,1684,1183
PLACA_000377.jpg,2048,1536,placa,836,388,1825,1216
PLACA_000378.jpg,416,416,placa,174,200,254,250
PLACA_000379.jpg,2592,1944,placa,435,385,2030,1105
PLACA_000380.jpg,416,416,placa,197,186,246,218
PLACA_000381.jpg,500,375,placa,58,86,380,243
PLACA_000382.jpg,3024,4032,placa,1426,2543,2022,2897
PLACA_000383.jpg,500,375,placa,143,70,420,234
PLACA_000384.jpg,416,416,placa,222,239,337,316
PLACA_000385.jpg,500,375,placa,56,49,417,216
PLACA_000386.jpg,640,480,placa,37,142,599,399
PLACA_000387.jpg,1024,768,placa,347,225,748,415
PLACA_000388.jpg,2592,1944,placa,228,497,2208,1425
PLACA_000389.jpg,1200,1600,placa,245,325,693,1307
PLACA_000390.jpg,500,375,placa,68,55,444,233
PLACA_000391.jpg,2048,1536,placa,648,504,1599,998
PLACA_000392.jpg,500,375,placa,173,104,302,202
PLACA_000393.jpg,2816,2112,placa,780,679,1952,1208
PLACA_000394.jpg,1435,1076,placa,614,463,840,594
PLACA_000395.jpg,1024,575,placa,487,248,776,463
PLACA_000396.jpg,500,375,placa,53,111,344,267
PLACA_000397.jpg,500,375,placa,94,79,292,210
PLACA_000398.jpg,500,375,placa,36,56,446,248
PLACA_000399.jpg,3840,2160,placa,2591,869,2767,961
PLACA_000399.jpg,3840,2160,placa,1738,795,1844,851
PLACA_000400.jpg,3840,2160,placa,674,1383,913,1514
PLACA_000400.jpg,3840,2160,placa,2048,1136,2189,1215
PLACA_000400.jpg,3840,2160,placa,3428,1004,3495,1053
PLACA_000400.jpg,3840,2160,placa,2795,1062,2894,1134
PLACA_000400.jpg,3840,2160,placa,3710,973,3760,1018
PLACA_000401.jpg,3264,2448,placa,606,469,2159,1239
PLACA_000402.jpg,500,375,placa,170,109,350,191
PLACA_000403.jpg,2592,1944,placa,628,528,1155,763
PLACA_000404.jpg,4000,3000,placa,1703,1363,2450,1716
PLACA_000405.jpg,1024,768,placa,327,247,699,412
PLACA_000406.jpg,416,416,placa,177,157,253,207
PLACA_000407.jpg,416,416,placa,163,155,228,192
PLACA_000408.jpg,3840,2160,placa,2393,675,2623,868
PLACA_000408.jpg,3840,2160,placa,2104,515,2234,625
PLACA_000409.jpg,1260,946,placa,201,469,1060,893
PLACA_000410.jpg,500,375,placa,103,133,375,269
PLACA_000411.jpg,640,480,placa,68,102,491,313
PLACA_000412.jpg,500,375,placa,66,96,381,257
PLACA_000413.jpg,500,375,placa,64,99,382,240
PLACA_000414.jpg,2816,2112,placa,691,511,2142,1194
PLACA_000415.jpg,416,416,placa,178,182,262,239
PLACA_000416.jpg,416,416,placa,225,160,324,234
PLACA_000417.jpg,500,375,placa,137,126,337,230
PLACA_000418.jpg,3840,2160,placa,3506,238,3544,270
PLACA_000418.jpg,3840,2160,placa,3622,274,3672,313
PLACA_000418.jpg,3840,2160,placa,2139,234,2238,285
PLACA_000418.jpg,3840,2160,placa,1575,278,1727,351
PLACA_000418.jpg,3840,2160,placa,2364,192,2394,225
PLACA_000418.jpg,3840,2160,placa,3380,206,3419,228
PLACA_000418.jpg,3840,2160,placa,3128,233,3213,277
PLACA_000419.jpg,500,375,placa,119,62,411,188
PLACA_000420.jpg,3264,2448,placa,717,941,2714,2055
PLACA_000421.jpg,416,416,placa,170,251,237,301
PLACA_000422.jpg,3264,2448,placa,477,833,2776,2171
PLACA_000423.jpg,500,375,placa,123,55,395,244
PLACA_000424.jpg,416,416,placa,157,189,213,227
PLACA_000425.jpg,500,375,placa,89,89,373,228
PLACA_000426.jpg,4000,3000,placa,2634,1704,3209,2019
PLACA_000427.jpg,500,375,placa,55,100,409,276
PLACA_000428.jpg,2272,1704,placa,248,397,1731,1092
PLACA_000429.jpg,3840,2160,placa,2337,1093,2632,1269
PLACA_000429.jpg,3840,2160,placa,1493,982,1649,1079
PLACA_000429.jpg,3840,2160,placa,1160,943,1252,1003
PLACA_000430.jpg,500,375,placa,145,89,439,224
PLACA_000431.jpg,3072,2304,placa,617,803,2328,1661
PLACA_000432.jpg,416,416,placa,181,146,236,180
PLACA_000433.jpg,416,416,placa,175,180,258,229
PLACA_000434.jpg,2816,2112,placa,494,547,2413,1465
PLACA_000435.jpg,2816,2112,placa,1030,779,1602,1076
PLACA_000436.jpg,3024,4032,placa,1339,1988,1841,2219
PLACA_000437.jpg,2592,1944,placa,707,765,1838,1253
PLACA_000438.jpg,2816,2112,placa,733,593,2277,1365
PLACA_000439.jpg,4000,3000,placa,1828,1998,2544,2341
PLACA_000440.jpg,4000,3000,placa,1972,1163,2566,1460
PLACA_000441.jpg,3264,2448,placa,858,1085,2109,1744
PLACA_000442.jpg,3024,4032,placa,1009,2276,1669,2570
PLACA_000443.jpg,500,375,placa,157,146,340,233
PLACA_000444.jpg,3840,2160,placa,3190,961,3358,1053
PLACA_000444.jpg,3840,2160,placa,2373,828,2468,874
PLACA_000445.jpg,4000,3000,placa,1869,1110,2625,1441
PLACA_000446.jpg,3264,2448,placa,266,779,2461,1877
PLACA_000447.jpg,2592,1944,placa,688,398,1922,970
PLACA_000448.jpg,3264,2448,placa,1140,969,2118,1462
PLACA_000449.jpg,416,416,placa,167,152,274,216
PLACA_000450.jpg,4000,3000,placa,1819,1369,2431,1648
PLACA_000451.jpg,500,375,placa,29,116,468,311
PLACA_000452.jpg,500,346,placa,160,108,255,162
PLACA_000453.jpg,3024,4032,placa,1249,2677,1759,2916
PLACA_000454.jpg,416,416,placa,167,167,257,225
PLACA_000455.jpg,2816,2112,placa,800,703,2022,1281
PLACA_000456.jpg,3840,2160,placa,1074,708,1408,887
PLACA_000456.jpg,3840,2160,placa,2043,801,2214,902
PLACA_000456.jpg,3840,2160,placa,2998,923,3073,975
PLACA_000456.jpg,3840,2160,placa,2514,826,2605,890
PLACA_000457.jpg,4000,3000,placa,1916,1379,2753,1751
PLACA_000458.jpg,4000,3000,placa,1872,1504,2666,1829
PLACA_000459.jpg,4000,3000,placa,1591,1313,2447,1735
PLACA_000460.jpg,4000,3000,placa,1781,1419,2238,1666
PLACA_000461.jpg,4000,3000,placa,1688,1573,2453,1932
PLACA_000462.jpg,4000,3000,placa,803,1407,1478,1754
PLACA_000463.jpg,4000,3000,placa,1647,985,2225,1263
PLACA_000464.jpg,3024,4032,placa,1221,2504,1770,2751
PLACA_000465.jpg,3024,4032,placa,1209,2034,1845,2346
PLACA_000466.jpg,3024,4032,placa,1262,2096,1799,2310
PLACA_000467.jpg,3024,4032,placa,1104,1985,1685,2309
PLACA_000468.jpg,3024,4032,placa,1200,2275,1827,2610
PLACA_000469.jpg,3264,2448,placa,847,660,3217,1971
PLACA_000470.jpg,3264,2448,placa,393,613,2557,1727
PLACA_000471.jpg,4000,3000,placa,1622,1673,2238,1944
PLACA_000472.jpg,1494,1000,placa,506,393,863,626
PLACA_000473.jpg,3264,2448,placa,1446,1189,2105,1525
PLACA_000474.jpg,416,416,placa,178,145,239,179
PLACA_000475.jpg,1600,1200,placa,263,238,1148,687
PLACA_000476.jpg,2592,1944,placa,955,520,1827,1033
PLACA_000477.jpg,3264,2448,placa,378,489,2408,1442
PLACA_000478.jpg,4000,3000,placa,1775,1973,2516,2291
PLACA_000479.jpg,3024,4032,placa,1502,2449,1967,2704
PLACA_000480.jpg,4000,3000,placa,1775,1632,2584,1991
PLACA_000481.jpg,3264,2448,placa,1732,1069,2710,1562
PLACA_000482.jpg,4000,3000,placa,1897,1141,2641,1488
PLACA_000483.jpg,4000,3000,placa,1625,1429,2316,1744
PLACA_000484.jpg,4000,3000,placa,1694,1366,2803,1951
PLACA_000485.jpg,3840,2160,placa,2942,1161,3114,1258
PLACA_000485.jpg,3840,2160,placa,1409,1148,1464,1185
PLACA_000485.jpg,3840,2160,placa,1035,1178,1072,1201
PLACA_000485.jpg,3840,2160,placa,152,1361,209,1397
PLACA_000485.jpg,3840,2160,placa,273,1299,314,1331
PLACA_000485.jpg,3840,2160,placa,1683,1198,1770,1243
PLACA_000485.jpg,3840,2160,placa,2048,1171,2175,1237
PLACA_000485.jpg,3840,2160,placa,1316,1144,1351,1177
PLACA_000485.jpg,3840,2160,placa,1238,1140,1269,1164
PLACA_000486.jpg,4000,3000,placa,1591,1423,2453,1798
PLACA_000487.jpg,3840,2160,placa,1686,1222,1891,1339
PLACA_000488.jpg,4000,3000,placa,1741,1573,2372,1857
PLACA_000489.jpg,4000,3000,placa,1772,1210,2563,1576
PLACA_000490.jpg,3264,2448,placa,250,390,2957,1571
PLACA_000491.jpg,3024,4032,placa,1381,2292,1768,2474
PLACA_000492.jpg,3024,4032,placa,1323,2100,1742,2300
PLACA_000493.jpg,4000,3000,placa,1384,1057,2084,1388
PLACA_000494.jpg,3472,2604,placa,1213,705,2090,1410
PLACA_000495.jpg,4000,3000,placa,1944,1201,2734,1544
PLACA_000496.jpg,3264,2448,placa,180,293,2845,1402
PLACA_000497.jpg,3024,4032,placa,1247,1850,1710,2079
PLACA_000498.jpg,4000,3000,placa,1722,1379,2300,1676
PLACA_000499.jpg,4000,3000,placa,2034,1132,2603,1432
PLACA_000500.jpg,4000,3000,placa,1947,1382,2634,1698
PLACA_000501.jpg,2816,2112,placa,767,593,2250,1352
PLACA_000502.jpg,2816,2112,placa,403,636,2056,1438
PLACA_000503.jpg,4000,3000,placa,784,1432,1484,1738
PLACA_000504.jpg,3264,2448,placa,304,290,2590,1359
PLACA_000505.jpg,4000,3000,placa,2041,1132,2934,1541
PLACA_000506.jpg,500,375,placa,105,96,277,183
PLACA_000507.jpg,3024,4032,placa,1240,2243,1648,2439
PLACA_000508.jpg,4000,3000,placa,1491,1376,2050,1619
PLACA_000509.jpg,3024,4032,placa,1201,2304,1546,2463
PLACA_000510.jpg,3024,4032,placa,1325,1955,1773,2179
PLACA_000511.jpg,4000,3000,placa,2275,1044,2850,1332
PLACA_000512.jpg,500,375,placa,138,148,352,243
PLACA_000513.jpg,4000,3000,placa,1200,894,2091,1391
PLACA_000514.jpg,2816,2112,placa,1120,937,1677,1237
PLACA_000515.jpg,4000,3000,placa,1509,973,2450,1466
PLACA_000516.jpg,4000,3000,placa,1850,1566,2919,2082
PLACA_000517.jpg,3024,4032,placa,1471,2363,1978,2599
PLACA_000518.jpg,3024,4032,placa,1323,2573,1833,2796
PLACA_000519.jpg,4000,3000,placa,1797,1888,2547,2229
PLACA_000520.jpg,4000,3000,placa,1425,1588,2809,2191
PLACA_000521.jpg,4000,3000,placa,1559,988,2416,1532
PLACA_000522.jpg,4000,3000,placa,1738,1385,2344,1682
PLACA_000523.jpg,500,375,placa,72,67,391,213
PLACA_000524.jpg,4000,3000,placa,2028,1801,3119,2282
PLACA_000525.jpg,2816,2112,placa,976,893,1834,1333
PLACA_000526.jpg,4000,3000,placa,1056,1379,1903,1832
PLACA_000526.jpg,4000,3000,placa,3528,1716,3999,2087
PLACA_000527.jpg,416,416,placa,196,187,284,242
PLACA_000528.jpg,4000,3000,placa,1881,1382,2666,1766
PLACA_000529.jpg,2816,2112,placa,507,387,1673,1210
PLACA_000530.jpg,4000,3000,placa,1788,1388,2609,1754
PLACA_000531.jpg,3840,2160,placa,2661,922,2871,1060
PLACA_000531.jpg,3840,2160,placa,1298,794,1442,910
PLACA_000531.jpg,3840,2160,placa,827,763,924,840
PLACA_000532.jpg,4000,3000,placa,1697,1316,2538,1710
PLACA_000533.jpg,3264,2448,placa,360,297,2931,1693
PLACA_000534.jpg,400,300,placa,62,69,382,221
PLACA_000535.jpg,416,416,placa,187,171,246,207
PLACA_000536.jpg,500,375,placa,192,44,316,115
PLACA_000537.jpg,4000,3000,placa,1022,1229,2041,1729
PLACA_000538.jpg,4000,3000,placa,1853,1919,2544,2244
PLACA_000539.jpg,4000,3000,placa,1631,1360,2150,1623
PLACA_000540.jpg,4000,3000,placa,1209,910,2041,1391
PLACA_000541.jpg,2816,2112,placa,916,694,1849,1151
PLACA_000542.jpg,4000,3000,placa,1569,1066,2209,1348
PLACA_000543.jpg,500,375,placa,32,55,450,244
PLACA_000544.jpg,400,300,placa,29,82,398,222
PLACA_000545.jpg,500,375,placa,181,111,336,206
PLACA_000546.jpg,500,375,placa,162,124,339,202
PLACA_000547.jpg,416,416,placa,175,177,243,219
PLACA_000548.jpg,602,527,placa,148,204,421,344
PLACA_000549.jpg,500,375,placa,88,91,459,267
PLACA_000550.jpg,1200,1600,placa,287,203,845,1456
PLACA_000551.jpg,500,375,placa,89,81,433,256
PLACA_000552.jpg,500,375,placa,94,213,304,306
PLACA_000553.jpg,2592,1944,placa,346,221,2316,1224
PLACA_000554.jpg,400,350,placa,101,138,278,229
PLACA_000555.jpg,500,375,placa,71,123,387,274
PLACA_000556.jpg,400,300,placa,109,97,289,183
PLACA_000557.jpg,500,375,placa,178,186,268,240
PLACA_000558.jpg,399,300,placa,69,150,335,274
PLACA_000559.jpg,416,416,placa,148,177,229,227
PLACA_000560.jpg,416,416,placa,195,158,272,205
PLACA_000561.jpg,500,375,placa,89,123,447,275
PLACA_000562.jpg,500,377,placa,96,99,375,243
PLACA_000563.jpg,3840,2160,placa,1704,382,1916,510
PLACA_000563.jpg,3840,2160,placa,2591,465,2663,518
PLACA_000563.jpg,3840,2160,placa,2780,481,2834,527
PLACA_000563.jpg,3840,2160,placa,2380,411,2487,491
PLACA_000563.jpg,3840,2160,placa,2881,526,2916,560
PLACA_000564.jpg,500,375,placa,54,53,447,249
PLACA_000565.jpg,416,416,placa,271,235,336,284
PLACA_000566.jpg,4000,3000,placa,1694,1273,2472,1638
PLACA_000567.jpg,572,372,placa,116,113,410,265
PLACA_000568.jpg,500,375,placa,114,81,375,216
PLACA_000569.jpg,640,480,placa,66,98,491,311
PLACA_000570.jpg,416,416,placa,195,230,282,283
PLACA_000571.jpg,500,313,placa,145,123,358,232
PLACA_000572.jpg,2592,1944,placa,257,204,2185,1138
PLACA_000573.jpg,3264,2448,placa,821,679,2242,1516
PLACA_000574.jpg,500,375,placa,107,119,344,240
PLACA_000575.jpg,500,375,placa,137,84,368,183
PLACA_000576.jpg,500,375,placa,94,138,331,278
PLACA_000577.jpg,500,375,placa,112,135,303,215
PLACA_000578.jpg,416,416,placa,165,151,229,187
PLACA_000579.jpg,416,416,placa,189,278,265,322
PLACA_000580.jpg,416,416,placa,130,124,217,194
PLACA_000581.jpg,400,300,placa,83,75,272,172
PLACA_000582.jpg,3840,2160,placa,1444,1264,1665,1387
PLACA_000583.jpg,500,343,placa,61,41,439,274
PLACA_000584.jpg,2592,1944,placa,190,451,2002,1323
PLACA_000585.jpg,3264,2448,placa,585,845,2159,1831
PLACA_000586.jpg,416,416,placa,191,267,265,306
PLACA_000587.jpg,2592,1944,placa,507,467,1767,1138
PLACA_000588.jpg,2816,2112,placa,949,713,1850,1130
PLACA_000589.jpg,500,375,placa,22,54,488,263
PLACA_000590.jpg,3264,2448,placa,1148,667,2217,1350
PLACA_000591.jpg,500,375,placa,108,95,408,274
PLACA_000592.jpg,640,480,placa,73,132,528,347
PLACA_000593.jpg,416,416,placa,124,150,202,206
PLACA_000594.jpg,400,300,placa,30,68,310,204
PLACA_000595.jpg,400,300,placa,122,113,254,174
PLACA_000596.jpg,2816,2112,placa,880,458,1873,908
PLACA_000597.jpg,3264,2448,placa,771,319,2623,1574
PLACA_000598.jpg,3840,2160,placa,521,757,798,921
PLACA_000598.jpg,3840,2160,placa,2347,573,2396,606
PLACA_000598.jpg,3840,2160,placa,1709,622,1870,704
PLACA_000598.jpg,3840,2160,placa,2054,620,2143,671
PLACA_000598.jpg,3840,2160,placa,3224,708,3267,740
PLACA_000599.jpg,2816,2112,placa,482,413,1707,1310
PLACA_000600.jpg,416,416,placa,164,163,231,201
PLACA_000601.jpg,416,416,placa,170,255,254,302
PLACA_000602.jpg,500,375,placa,177,123,282,176
PLACA_000603.jpg,3840,2160,placa,1440,1575,1797,1738
PLACA_000603.jpg,3840,2160,placa,3571,1300,3625,1344
PLACA_000603.jpg,3840,2160,placa,2924,1348,3061,1422
PLACA_000603.jpg,3840,2160,placa,3312,1339,3404,1387
PLACA_000604.jpg,4000,3000,placa,1747,1491,2869,2066
PLACA_000605.jpg,4000,3000,placa,1913,1191,2831,1638
PLACA_000606.jpg,416,416,placa,174,203,242,243
PLACA_000607.jpg,416,416,placa,175,206,261,255
PLACA_000608.jpg,669,419,placa,198,164,481,314
PLACA_000609.jpg,3840,2160,placa,1166,852,1487,1039
PLACA_000609.jpg,3840,2160,placa,3093,928,3140,966
PLACA_000609.jpg,3840,2160,placa,2461,897,2613,1000
PLACA_000609.jpg,3840,2160,placa,2811,949,2893,1007
PLACA_000610.jpg,416,416,placa,182,196,239,231
PLACA_000611.jpg,3840,2160,placa,2759,743,2997,877
PLACA_000612.jpg,1494,1000,placa,503,381,859,624
PLACA_000613.jpg,3840,2160,placa,494,1700,854,1932
PLACA_000613.jpg,3840,2160,placa,3053,752,3097,788
PLACA_000613.jpg,3840,2160,placa,3237,714,3273,742
PLACA_000613.jpg,3840,2160,placa,2405,894,2470,942
PLACA_000613.jpg,3840,2160,placa,1694,1136,1833,1234
PLACA_000613.jpg,3840,2160,placa,2719,825,2775,870
PLACA_000614.jpg,500,375,placa,66,94,417,263
PLACA_000615.jpg,669,419,placa,196,161,482,314
PLACA_000616.jpg,1280,960,placa,386,351,826,561
PLACA_000617.jpg,2592,1944,placa,570,520,2350,1267
PLACA_000618.jpg,2816,2112,placa,243,280,1813,918
PLACA_000619.jpg,2592,1944,placa,340,480,2175,1375
PLACA_000620.jpg,2816,2112,placa,666,583,2092,1187
PLACA_000621.jpg,1200,1600,placa,315,433,551,987
PLACA_000622.jpg,2126,1594,placa,659,596,1455,1009
PLACA_000623.jpg,2126,1594,placa,702,429,1490,828
PLACA_000624.jpg,500,375,placa,80,101,309,198
PLACA_000625.jpg,3840,2160,placa,656,1471,897,1600
PLACA_000625.jpg,3840,2160,placa,1745,1234,1866,1305
PLACA_000625.jpg,3840,2160,placa,2421,1149,2514,1217
PLACA_000625.jpg,3840,2160,placa,3303,1036,3354,1079
PLACA_000625.jpg,3840,2160,placa,3031,1081,3096,1126
PLACA_000626.jpg,2592,1944,placa,557,691,1593,1125
PLACA_000627.jpg,2592,1944,placa,1188,336,1941,747
PLACA_000628.jpg,2816,2112,placa,740,633,2041,1239
PLACA_000629.jpg,2126,1594,placa,403,470,1752,1085
PLACA_000630.jpg,500,375,placa,159,86,331,161
PLACA_000631.jpg,416,416,placa,174,164,261,207
PLACA_000632.jpg,2816,2112,placa,1000,923,1837,1308
PLACA_000633.jpg,416,416,placa,192,217,250,252
PLACA_000634.jpg,500,375,placa,119,125,379,216
PLACA_000635.jpg,500,340,placa,140,106,360,220
PLACA_000636.jpg,4000,3000,placa,678,1941,1441,2273
PLACA_000637.jpg,500,375,placa,55,62,303,213
PLACA_000638.jpg,2592,1944,placa,820,543,1899,1069
PLACA_000639.jpg,416,416,placa,171,197,238,241
PLACA_000640.jpg,499,334,placa,112,88,385,302
PLACA_000641.jpg,416,416,placa,179,199,256,247
PLACA_000642.jpg,500,335,placa,169,131,285,208
PLACA_000643.jpg,2048,1536,placa,352,473,1833,1125
PLACA_000644.jpg,1016,758,placa,353,300,692,500
PLACA_000645.jpg,500,375,placa,21,55,439,242
PLACA_000646.jpg,500,375,placa,49,67,381,246
PLACA_000647.jpg,4000,3000,placa,2016,1766,3106,2241
PLACA_000648.jpg,2816,2112,placa,776,679,2034,1297
PLACA_000649.jpg,1600,1200,placa,673,392,1244,621
PLACA_000650.jpg,2592,1944,placa,478,1089,1567,1573
PLACA_000651.jpg,2048,1536,placa,1037,855,1415,1135
PLACA_000652.jpg,3024,4032,placa,1305,2526,1840,2773
PLACA_000653.jpg,3024,4032,placa,1338,2359,1862,2591
PLACA_000654.jpg,500,375,placa,121,107,367,216
PLACA_000655.jpg,500,375,placa,90,122,369,250
PLACA_000656.jpg,2592,1944,placa,787,444,1323,701
PLACA_000657.jpg,500,375,placa,115,101,380,229
PLACA_000658.jpg,3840,2160,placa,1019,1326,1282,1488
PLACA_000658.jpg,3840,2160,placa,3151,889,3194,923
PLACA_000658.jpg,3840,2160,placa,3343,869,3381,902
PLACA_000658.jpg,3840,2160,placa,2338,977,2417,1029
PLACA_000658.jpg,3840,2160,placa,1986,1073,2139,1162
PLACA_000658.jpg,3840,2160,placa,2744,931,2810,978
PLACA_000659.jpg,500,325,placa,96,93,361,236
PLACA_000660.jpg,2816,2112,placa,1013,633,1434,835
PLACA_000661.jpg,416,416,placa,170,197,238,241
PLACA_000662.jpg,500,375,placa,75,132,425,332
PLACA_000663.jpg,2048,1536,placa,76,390,1976,1066
PLACA_000664.jpg,3472,2604,placa,671,613,2530,1582
PLACA_000665.jpg,3840,2160,placa,3212,706,3272,757
PLACA_000665.jpg,3840,2160,placa,3377,733,3422,777
PLACA_000665.jpg,3840,2160,placa,2392,539,2573,680
PLACA_000665.jpg,3840,2160,placa,3017,635,3111,716
PLACA_000666.jpg,2592,1944,placa,642,533,1751,1007
PLACA_000667.jpg,2816,2112,placa,783,747,1977,1254
PLACA_000668.jpg,500,375,placa,149,135,319,214
PLACA_000669.jpg,2048,1536,placa,141,388,2041,1152
PLACA_000670.jpg,416,416,placa,166,152,230,194
PLACA_000671.jpg,416,416,placa,230,138,289,182
PLACA_000672.jpg,2592,1944,placa,353,283,2037,1122
PLACA_000673.jpg,500,375,placa,89,120,416,268
PLACA_000674.jpg,2816,2112,placa,666,690,2142,1219
PLACA_000675.jpg,641,436,placa,175,133,461,285
PLACA_000676.jpg,4000,3000,placa,1594,1557,2228,1832
PLACA_000677.jpg,3024,4032,placa,1338,2153,1958,2425
PLACA_000678.jpg,4000,3000,placa,2000,1169,2544,1473
PLACA_000679.jpg,4000,3000,placa,1900,1188,2684,1551
PLACA_000680.jpg,2592,1944,placa,632,474,1869,1125
PLACA_000681.jpg,4000,3000,placa,1206,1482,2597,2201
PLACA_000682.jpg,4000,3000,placa,1750,1429,2206,1682
PLACA_000683.jpg,3024,4032,placa,1410,2457,1949,2703
PLACA_000684.jpg,3024,4032,placa,1263,2512,1757,2676
PLACA_000685.jpg,416,416,placa,175,209,290,289
PLACA_000686.jpg,500,375,placa,140,137,355,220
PLACA_000687.jpg,2592,1944,placa,909,616,1462,928
PLACA_000688.jpg,500,375,placa,202,161,323,219
PLACA_000689.jpg,640,480,placa,27,61,615,349
PLACA_000690.jpg,2272,1704,placa,604,551,1538,1033
PLACA_000691.jpg,2816,2112,placa,444,408,2481,1437
PLACA_000692.jpg,500,375,placa,92,58,395,191
PLACA_000693.jpg,500,375,placa,47,79,345,305
PLACA_000694.jpg,4000,3000,placa,1931,1235,2741,1632
PLACA_000695.jpg,2592,1944,placa,711,764,1826,1257
PLACA_000696.jpg,416,416,placa,150,109,201,141
PLACA_000697.jpg,4000,3000,placa,1450,1079,2272,1454
PLACA_000698.jpg,2592,1944,placa,873,694,1498,1003
PLACA_000699.jpg,3840,2160,placa,924,1124,1187,1295
PLACA_000699.jpg,3840,2160,placa,1892,824,2035,915
PLACA_000699.jpg,3840,2160,placa,3254,603,3290,634
PLACA_000699.jpg,3840,2160,placa,3057,621,3101,657
PLACA_000699.jpg,3840,2160,placa,2232,720,2317,774
PLACA_000699.jpg,3840,2160,placa,2643,665,2708,715
PLACA_000700.jpg,2592,1944,placa,202,418,2179,1336
PLACA_000701.jpg,2592,1944,placa,580,560,2321,1272
PLACA_000702.jpg,500,375,placa,52,48,316,168
PLACA_000703.jpg,2592,1944,placa,985,227,1635,600
PLACA_000704.jpg,3840,2160,placa,84,1020,301,1166
PLACA_000704.jpg,3840,2160,placa,1972,574,2146,655
PLACA_000704.jpg,3840,2160,placa,3052,539,3105,571
PLACA_000704.jpg,3840,2160,placa,3274,580,3307,603
PLACA_000704.jpg,3840,2160,placa,3081,540,3144,569
PLACA_000704.jpg,3840,2160,placa,2647,611,2741,665
PLACA_000704.jpg,3840,2160,placa,3139,542,3172,571
PLACA_000705.jpg,4000,3000,placa,1522,1507,2147,1823
PLACA_000706.jpg,416,416,placa,160,203,226,248
PLACA_000707.jpg,1024,768,placa,326,243,698,416
PLACA_000708.jpg,3472,2604,placa,463,708,2707,1665
PLACA_000709.jpg,3840,2160,placa,889,1065,1145,1244
PLACA_000709.jpg,3840,2160,placa,3219,573,3257,605
PLACA_000709.jpg,3840,2160,placa,3021,589,3069,627
PLACA_000709.jpg,3840,2160,placa,1852,783,1995,868
PLACA_000709.jpg,3840,2160,placa,2196,679,2278,732
PLACA_000709.jpg,3840,2160,placa,2608,630,2672,678
PLACA_000710.jpg,416,416,placa,163,145,268,221
PLACA_000711.jpg,3024,4032,placa,1268,2247,1704,2458
PLACA_000712.jpg,3024,4032,placa,1199,2097,1586,2272
PLACA_000713.jpg,574,384,placa,136,103,446,354
PLACA_000714.jpg,4000,3000,placa,1191,1091,1934,1476
PLACA_000715.jpg,2816,2112,placa,590,511,2318,1516
PLACA_000716.jpg,500,375,placa,131,200,298,290
PLACA_000717.jpg,2816,2112,placa,849,740,1813,1212
PLACA_000718.jpg,500,375,placa,46,43,397,207
PLACA_000719.jpg,500,375,placa,13,87,421,271
PLACA_000720.jpg,3264,2448,placa,738,522,2449,1417
PLACA_000721.jpg,2816,2112,placa,780,650,1633,1042
PLACA_000722.jpg,1439,956,placa,596,515,862,691
PLACA_000723.jpg,4000,3000,placa,1878,1388,2463,1663
PLACA_000724.jpg,602,527,placa,149,202,422,345
PLACA_000725.jpg,500,375,placa,225,185,323,233
PLACA_000726.jpg,4000,3000,placa,1938,1144,2331,1341
PLACA_000727.jpg,848,586,placa,270,180,434,277
PLACA_000728.jpg,4000,3000,placa,1659,1682,2419,1991
PLACA_000729.jpg,3072,2304,placa,623,823,2307,1626
PLACA_000730.jpg,4000,3000,placa,1803,1176,2369,1451
PLACA_000731.jpg,3840,2160,placa,2184,1221,2523,1417
PLACA_000731.jpg,3840,2160,placa,795,870,967,969
PLACA_000731.jpg,3840,2160,placa,406,804,503,869
PLACA_000731.jpg,3840,2160,placa,227,776,289,819
PLACA_000732.jpg,416,416,placa,188,207,255,247
PLACA_000733.jpg,2592,1944,placa,557,530,1494,987
PLACA_000734.jpg,4000,3000,placa,1694,1294,2363,1594
PLACA_000735.jpg,4000,3000,placa,1384,2063,2109,2404
PLACA_000736.jpg,4000,3000,placa,1794,1641,2772,2044
PLACA_000737.jpg,4000,3000,placa,1800,1604,2541,1954
PLACA_000738.jpg,3024,4032,placa,1377,2175,1764,2353
PLACA_000739.jpg,3024,4032,placa,1193,2313,1666,2541
PLACA_000740.jpg,2816,2112,placa,673,590,2067,1216
PLACA_000741.jpg,4000,3000,placa,1953,1469,2694,1838
PLACA_000742.jpg,4000,3000,placa,1403,866,1931,1144
PLACA_000743.jpg,4000,3000,placa,2109,1769,3178,2260
PLACA_000744.jpg,3840,2160,placa,2939,571,3155,725
PLACA_000744.jpg,3840,2160,placa,1211,406,1436,535
PLACA_000744.jpg,3840,2160,placa,427,424,552,523
PLACA_000745.jpg,4000,3000,placa,2013,1210,2916,1651
PLACA_000746.jpg,3264,2448,placa,540,557,2657,1782
PLACA_000747.jpg,2816,2112,placa,626,522,2152,1301
PLACA_000748.jpg,4000,3000,placa,1600,1532,2372,1907
PLACA_000749.jpg,2272,1704,placa,379,369,1714,1035
PLACA_000750.jpg,3840,2160,placa,2082,734,2227,819
PLACA_000751.jpg,2126,1594,placa,398,468,1731,1084
PLACA_000752.jpg,500,375,placa,109,157,414,315
PLACA_000753.jpg,4000,3000,placa,1616,960,2244,1244
PLACA_000754.jpg,2592,1944,placa,534,480,1452,941
PLACA_000755.jpg,3024,4032,placa,1310,2562,1803,2785
PLACA_000756.jpg,3024,4032,placa,1314,2382,1789,2592
PLACA_000757.jpg,4000,3000,placa,1688,1476,2403,1791
PLACA_000758.jpg,500,375,placa,175,151,320,223
PLACA_000759.jpg,3840,2160,placa,2341,1345,2687,1567
PLACA_000759.jpg,3840,2160,placa,920,1012,1103,1137
PLACA_000759.jpg,3840,2160,placa,519,948,624,1031
PLACA_000760.jpg,4000,3000,placa,1756,1413,2563,1760
PLACA_000761.jpg,3024,4032,placa,1283,2936,1835,3198
PLACA_000762.jpg,3024,4032,placa,1255,2434,1679,2643
PLACA_000763.jpg,3024,4032,placa,1359,2268,1875,2576
PLACA_000764.jpg,3024,4032,placa,1218,2201,1625,2390
PLACA_000765.jpg,3024,4032,placa,1000,2495,1713,2811
PLACA_000766.jpg,4000,3000,placa,1503,1366,2047,1598
PLACA_000767.jpg,4000,3000,placa,1900,1373,2522,1663
PLACA_000768.jpg,4000,3000,placa,1875,1144,2619,1501
PLACA_000769.jpg,4000,3000,placa,1675,1138,2434,1479
PLACA_000770.jpg,4000,3000,placa,2119,1151,3097,1691
PLACA_000771.jpg,4000,3000,placa,1700,1735,2481,2107
PLACA_000772.jpg,3472,2604,placa,574,591,2654,1701
PLACA_000773.jpg,3024,4032,placa,1343,2343,1910,2610
PLACA_000774.jpg,4000,3000,placa,1709,1410,2447,1766
PLACA_000775.jpg,4000,3000,placa,1656,832,2050,1044
PLACA_000776.jpg,4000,3000,placa,1678,1801,2175,2069
PLACA_000777.jpg,3264,2448,placa,543,527,2855,1666
PLACA_000778.jpg,4000,3000,placa,1747,1051,2272,1285
PLACA_000779.jpg,4000,3000,placa,1584,1038,2641,1569
PLACA_000780.jpg,4000,3000,placa,1716,1554,2359,1879
PLACA_000781.jpg,3024,4032,placa,1268,2544,1929,2824
PLACA_000782.jpg,3024,4032,placa,1244,2152,1635,2348
PLACA_000783.jpg,3024,4032,placa,1502,2521,1975,2759
PLACA_000784.jpg,3024,4032,placa,1287,2350,1689,2546
PLACA_000785.jpg,3024,4032,placa,1419,2174,1874,2381
PLACA_000786.jpg,3024,4032,placa,1392,2258,1829,2449
PLACA_000787.jpg,4000,3000,placa,1669,1273,2488,1676
PLACA_000788.jpg,3024,4032,placa,1331,2488,1688,2663
PLACA_000789.jpg,3024,4032,placa,1287,2381,1853,2625
PLACA_000790.jpg,3024,4032,placa,1385,1974,1745,2168
PLACA_000791.jpg,4000,3000,placa,1866,919,2431,1219
PLACA_000792.jpg,4000,3000,placa,1625,1816,2275,2135
PLACA_000793.jpg,500,375,placa,141,97,284,165
PLACA_000794.jpg,4000,3000,placa,1781,932,2400,1232
PLACA_000795.jpg,416,416,placa,71,269,150,315
PLACA_000796.jpg,500,375,placa,7,50,395,244
PLACA_000797.jpg,4000,3000,placa,2031,1541,2722,1891
PLACA_000798.jpg,416,416,placa,305,197,369,236
PLACA_000799.jpg,4000,3000,placa,1697,1307,2497,1701
PLACA_000800.jpg,1260,945,placa,189,229,1060,669
PLACA_000801.jpg,4000,3000,placa,1653,1273,2506,1694
PLACA_000802.jpg,3264,2448,placa,63,263,2577,1643
PLACA_000803.jpg,4000,3000,placa,1847,1585,2906,2088
PLACA_000804.jpg,4000,3000,placa,1631,1382,2422,1779
PLACA_000805.jpg,3024,4032,placa,1248,2112,1701,2373
PLACA_000806.jpg,3024,4032,placa,1336,2431,1809,2659
PLACA_000807.jpg,4000,3000,placa,1416,1291,2222,1623
PLACA_000808.jpg,3840,2160,placa,2007,626,2186,754
PLACA_000808.jpg,3840,2160,placa,3623,991,3712,1067
PLACA_000808.jpg,3840,2160,placa,1754,457,1855,522
PLACA_000808.jpg,3840,2160,placa,3043,699,3130,760
PLACA_000808.jpg,3840,2160,placa,132,272,176,303
PLACA_000808.jpg,3840,2160,placa,384,278,420,304
PLACA_000808.jpg,3840,2160,placa,1452,363,1505,396
PLACA_000808.jpg,3840,2160,placa,1580,436,1645,481
PLACA_000808.jpg,3840,2160,placa,259,282,303,309
PLACA_000809.jpg,500,375,placa,114,111,408,250
PLACA_000810.jpg,4000,3000,placa,1791,1482,2463,1791
PLACA_000811.jpg,3840,2160,placa,1014,1176,1275,1333
PLACA_000811.jpg,3840,2160,placa,2096,878,2220,962
PLACA_000811.jpg,3840,2160,placa,3567,672,3610,717
PLACA_000811.jpg,3840,2160,placa,2750,776,2845,851
PLACA_000811.jpg,3840,2160,placa,3322,705,3380,755
PLACA_000812.jpg,416,416,placa,179,189,255,239
PLACA_000813.jpg,3264,2448,placa,87,17,3175,1894
PLACA_000814.jpg,4000,3000,placa,1938,1448,2372,1654
PLACA_000815.jpg,4000,3000,placa,1775,919,2431,1241
PLACA_000816.jpg,4000,3000,placa,1503,1154,2178,1463
PLACA_000817.jpg,4000,3000,placa,1638,1791,2350,2088
PLACA_000818.jpg,4000,3000,placa,2938,1410,3569,1723
PLACA_000819.jpg,416,416,placa,146,220,294,309
PLACA_000820.jpg,500,375,placa,130,96,378,212
PLACA_000821.jpg,3264,2448,placa,30,67,3264,1746
PLACA_000822.jpg,4000,3000,placa,1581,1866,2297,2173
PLACA_000823.jpg,500,375,placa,179,164,325,237
PLACA_000824.jpg,500,375,placa,85,73,352,210
PLACA_000825.jpg,558,640,placa,53,165,501,367
PLACA_000826.jpg,500,375,placa,200,170,296,219
PLACA_000827.jpg,416,416,placa,202,158,243,186
PLACA_000828.jpg,4000,3000,placa,1859,916,2481,1204
PLACA_000829.jpg,416,416,placa,196,208,278,258
PLACA_000830.jpg,800,600,placa,52,46,738,356
PLACA_000831.jpg,1260,944,placa,373,300,1242,754
PLACA_000832.jpg,3840,2160,placa,2081,552,2280,707
PLACA_000832.jpg,3840,2160,placa,1835,370,1947,460
PLACA_000833.jpg,416,416,placa,190,190,255,230
PLACA_000834.jpg,416,416,placa,193,210,249,247
PLACA_000835.jpg,500,375,placa,159,129,388,242
PLACA_000836.jpg,500,375,placa,163,128,327,204
PLACA_000837.jpg,4000,3000,placa,2881,1348,3488,1679
PLACA_000838.jpg,4000,3000,placa,1841,1501,2403,1782
PLACA_000839.jpg,3840,2160,placa,770,153,1022,313
PLACA_000839.jpg,3840,2160,placa,2062,170,2238,307
PLACA_000840.jpg,3264,2448,placa,396,267,3207,2175
PLACA_000841.jpg,3840,2160,placa,3086,820,3255,909
PLACA_000841.jpg,3840,2160,placa,2255,731,2350,780
PLACA_000842.jpg,500,375,placa,181,140,308,198
PLACA_000843.jpg,500,375,placa,122,134,299,209
PLACA_000844.jpg,500,375,placa,143,127,348,215
PLACA_000845.jpg,2592,1944,placa,1235,836,1932,1264
PLACA_000846.jpg,4000,3000,placa,1709,1279,2341,1601
PLACA_000847.jpg,416,416,placa,193,211,246,245
PLACA_000848.jpg,3024,4032,placa,1346,3064,2005,3337
PLACA_000849.jpg,416,416,placa,210,211,283,269
PLACA_000850.jpg,4000,3000,placa,1797,1810,2294,2048
PLACA_000851.jpg,4000,3000,placa,1400,1435,2822,2119
PLACA_000852.jpg,4000,3000,placa,1575,1123,2172,1376
PLACA_000853.jpg,3840,2160,placa,1979,767,2132,869
PLACA_000854.jpg,2592,1944,placa,429,322,2241,1181
PLACA_000855.jpg,3264,2448,placa,423,287,2589,1504
PLACA_000856.jpg,3024,4032,placa,1262,2411,1622,2580
PLACA_000857.jpg,2592,1944,placa,413,580,2130,1498
PLACA_000858.jpg,416,416,placa,169,182,254,239
PLACA_000859.jpg,2592,1944,placa,540,543,2215,1343
PLACA_000860.jpg,3472,2604,placa,860,1441,1807,2009
PLACA_000861.jpg,1632,1224,placa,355,265,1315,708
PLACA_000862.jpg,1600,1200,placa,611,429,953,597
PLACA_000863.jpg,3264,2448,placa,933,787,2292,1354
PLACA_000864.jpg,4000,3000,placa,1572,1444,2094,1713
PLACA_000865.jpg,2592,1944,placa,1020,640,1723,1008
PLACA_000866.jpg,500,375,placa,50,58,440,251
PLACA_000867.jpg,608,296,placa,1,1,604,294
PLACA_000868.jpg,2592,1944,placa,465,717,1008,1092
PLACA_000869.jpg,618,305,placa,3,1,617,301
PLACA_000870.jpg,1600,1200,placa,713,283,1077,467
PLACA_000871.jpg,4000,3000,placa,1584,1257,2403,1654
PLACA_000872.jpg,416,416,placa,192,215,248,255
PLACA_000873.jpg,3024,4032,placa,974,2700,1605,2985
PLACA_000874.jpg,1024,768,placa,71,177,938,481
PLACA_000875.jpg,3840,2160,placa,1450,1355,1809,1525
PLACA_000875.jpg,3840,2160,placa,2933,1207,3063,1285
PLACA_000875.jpg,3840,2160,placa,3581,1207,3634,1251
PLACA_000875.jpg,3840,2160,placa,3316,1227,3411,1287
PLACA_000876.jpg,1632,1224,placa,128,243,1562,910
PLACA_000877.jpg,2592,1944,placa,573,862,1326,1441
PLACA_000878.jpg,4000,3000,placa,1547,1757,2203,2123
PLACA_000879.jpg,2592,1944,placa,243,488,2518,1528
PLACA_000880.jpg,416,416,placa,169,187,225,228
PLACA_000881.jpg,416,416,placa,190,227,284,285
PLACA_000882.jpg,416,416,placa,147,252,243,313
PLACA_000883.jpg,3472,2604,placa,949,851,2328,1781
PLACA_000884.jpg,4000,3000,placa,1431,891,1894,1113
PLACA_000885.jpg,3264,2448,placa,274,804,1956,1641
PLACA_000886.jpg,3024,4032,placa,1168,2193,1574,2393
PLACA_000887.jpg,2592,1944,placa,353,250,2388,1208
PLACA_000888.jpg,416,416,placa,196,192,256,233
PLACA_000889.jpg,3472,2604,placa,1120,930,2861,2373
PLACA_000890.jpg,3840,2160,placa,1376,945,1838,1239
PLACA_000890.jpg,3840,2160,placa,2725,966,2874,1078
PLACA_000890.jpg,3840,2160,placa,3253,1097,3306,1149
PLACA_000890.jpg,3840,2160,placa,3553,1207,3602,1247
PLACA_000890.jpg,3840,2160,placa,3014,1057,3117,1127
PLACA_000891.jpg,4000,3000,placa,1975,1207,2772,1573
PLACA_000892.jpg,640,480,placa,222,119,403,250
PLACA_000893.jpg,2592,1944,placa,548,708,1575,1233
PLACA_000894.jpg,3840,2160,placa,1065,1305,1413,1464
PLACA_000894.jpg,3840,2160,placa,2389,1105,2520,1175
PLACA_000894.jpg,3840,2160,placa,3377,1097,3433,1132
PLACA_000894.jpg,3840,2160,placa,3037,1094,3102,1132
PLACA_000894.jpg,3840,2160,placa,2760,1114,2858,1166
PLACA_000895.jpg,3024,4032,placa,1109,1967,1514,2174
PLACA_000896.jpg,2592,1944,placa,346,481,2425,1461
PLACA_000897.jpg,3840,2160,placa,51,1528,257,1650
PLACA_000897.jpg,3840,2160,placa,1313,1282,1450,1362
PLACA_000897.jpg,3840,2160,placa,2078,1199,2186,1274
PLACA_000897.jpg,3840,2160,placa,3117,1078,3175,1127
PLACA_000897.jpg,3840,2160,placa,2783,1122,2861,1177
PLACA_000898.jpg,3024,4032,placa,1298,1973,1755,2195
PLACA_000899.jpg,1024,768,placa,110,139,938,496
PLACA_000900.jpg,1024,768,placa,67,211,828,572
PLACA_000901.jpg,4000,3000,placa,1650,1248,2444,1551
PLACA_000902.jpg,640,480,placa,226,111,405,258
PLACA_000903.jpg,3840,2160,placa,944,1127,1162,1236
PLACA_000903.jpg,3840,2160,placa,3513,588,3563,619
PLACA_000903.jpg,3840,2160,placa,2528,707,2666,789
PLACA_000903.jpg,3840,2160,placa,3312,658,3341,689
PLACA_000903.jpg,3840,2160,placa,3127,696,3218,749
PLACA_000904.jpg,500,375,placa,110,102,336,211
PLACA_000905.jpg,1024,768,placa,126,244,799,533
PLACA_000906.jpg,4000,3000,placa,1369,957,2453,1541
PLACA_000907.jpg,1024,768,placa,202,199,856,504
PLACA_000908.jpg,722,1280,placa,265,570,390,655
PLACA_000909.jpg,500,375,placa,60,121,376,275
PLACA_000910.jpg,2592,1944,placa,557,712,1572,1200
PLACA_000911.jpg,3264,2448,placa,142,336,3070,1773
PLACA_000912.jpg,499,292,placa,34,56,454,238
PLACA_000913.jpg,416,416,placa,204,187,281,239
PLACA_000914.jpg,3024,4032,placa,1405,2487,2025,2767
PLACA_000915.jpg,3024,4032,placa,1303,2182,1696,2370
PLACA_000916.jpg,3840,2160,placa,354,262,394,287
PLACA_000916.jpg,3840,2160,placa,478,261,515,284
PLACA_000916.jpg,3840,2160,placa,222,246,266,275
PLACA_000916.jpg,3840,2160,placa,1688,465,1756,519
PLACA_000916.jpg,3840,2160,placa,1564,387,1619,426
PLACA_000916.jpg,3840,2160,placa,2126,682,2295,809
PLACA_000916.jpg,3840,2160,placa,1872,497,1971,566
PLACA_000916.jpg,3840,2160,placa,3707,1087,3793,1169
PLACA_000916.jpg,3840,2160,placa,3148,775,3227,841
PLACA_000917.jpg,4000,3000,placa,1775,1632,2584,1991
PLACA_000918.jpg,4000,3000,placa,2031,1541,2722,1891
PLACA_000919.jpg,1280,722,placa,524,284,626,339
PLACA_000920.jpg,4000,3000,placa,1578,1179,2222,1448
PLACA_000921.jpg,4000,3000,placa,1769,1201,2378,1507
PLACA_000922.jpg,500,375,placa,20,100,425,308
PLACA_000923.jpg,4000,3000,placa,1741,1048,2263,1310
PLACA_000924.jpg,3024,4032,placa,1470,2176,1889,2388
PLACA_000925.jpg,4000,3000,placa,1413,1644,2494,2107
PLACA_000926.jpg,3840,2160,placa,2943,1052,3106,1143
PLACA_000926.jpg,3840,2160,placa,177,827,234,865
PLACA_000926.jpg,3840,2160,placa,2100,887,2217,948
PLACA_000926.jpg,3840,2160,placa,1,895,66,952
PLACA_000926.jpg,3840,2160,placa,1189,885,1273,939
PLACA_000926.jpg,3840,2160,placa,1033,721,1074,742
PLACA_000927.jpg,2592,1944,placa,475,755,1538,1365
PLACA_000928.jpg,416,416,placa,217,153,309,218
PLACA_000929.jpg,2592,1944,placa,648,943,1818,1445
PLACA_000930.jpg,2592,1944,placa,253,373,2183,1408
PLACA_000931.jpg,1280,722,placa,655,399,811,488
PLACA_000932.jpg,3840,2160,placa,424,373,464,399
PLACA_000932.jpg,3840,2160,placa,2192,919,2364,1048
PLACA_000932.jpg,3840,2160,placa,1941,716,2041,788
PLACA_000932.jpg,3840,2160,placa,3196,1031,3284,1093
PLACA_000932.jpg,3840,2160,placa,287,347,335,377
PLACA_000932.jpg,3840,2160,placa,3741,1335,3823,1408
PLACA_000932.jpg,3840,2160,placa,36,358,87,387
PLACA_000932.jpg,3840,2160,placa,1634,589,1689,630
PLACA_000932.jpg,3840,2160,placa,547,386,585,410
PLACA_000932.jpg,3840,2160,placa,1762,679,1824,726
PLACA_000933.jpg,3264,2448,placa,229,464,2623,1632
PLACA_000934.jpg,4000,3000,placa,1678,1810,2203,2060
PLACA_000935.jpg,2592,1944,placa,613,465,2328,1293
PLACA_000936.jpg,4000,3000,placa,1284,2038,2078,2407
PLACA_000937.jpg,1024,768,placa,182,183,806,487
PLACA_000938.jpg,3264,2448,placa,507,673,2629,1725
PLACA_000939.jpg,500,375,placa,184,145,280,188
PLACA_000940.jpg,2592,1944,placa,725,603,2073,1278
PLACA_000941.jpg,2592,1944,placa,800,845,1485,1190
PLACA_000942.jpg,2592,1944,placa,205,330,2215,1358
PLACA_000943.jpg,1600,1200,placa,758,401,1033,530
PLACA_000944.jpg,4000,3000,placa,1353,1376,2088,1769
PLACA_000945.jpg,3840,2160,placa,1244,1263,1549,1414
PLACA_000945.jpg,3840,2160,placa,2273,1297,2437,1384
PLACA_000945.jpg,3840,2160,placa,3238,1286,3309,1332
PLACA_000945.jpg,3840,2160,placa,2761,1270,2849,1323
PLACA_000946.jpg,2592,1944,placa,1010,498,1548,768
PLACA_000947.jpg,2592,1944,placa,478,218,2153,1078
PLACA_000948.jpg,2592,1944,placa,468,553,2223,1528
PLACA_000949.jpg,2592,1944,placa,130,373,2437,1472
PLACA_000950.jpg,3840,2160,placa,1590,1152,1951,1335
PLACA_000950.jpg,3840,2160,placa,3414,979,3460,1014
PLACA_000950.jpg,3840,2160,placa,3100,958,3152,997
PLACA_000950.jpg,3840,2160,placa,2607,956,2729,1027
PLACA_000950.jpg,3840,2160,placa,2866,977,2954,1031
PLACA_000951.jpg,2592,1944,placa,590,708,2098,1458
PLACA_000952.jpg,2592,1944,placa,457,178,2148,1091
PLACA_000953.jpg,500,375,placa,43,246,272,342
PLACA_000954.jpg,500,375,placa,115,105,405,254
PLACA_000955.jpg,1280,722,placa,610,292,697,377
PLACA_000956.jpg,4000,3000,placa,1678,1288,2331,1573
PLACA_000957.jpg,1280,722,placa,837,209,981,303
PLACA_000957.jpg,1280,722,placa,210,219,341,309
PLACA_000958.jpg,500,375,placa,217,74,347,142
PLACA_000959.jpg,3840,2160,placa,727,1226,973,1371
PLACA_000959.jpg,3840,2160,placa,1805,938,1932,1021
PLACA_000959.jpg,3840,2160,placa,3322,734,3371,778
PLACA_000959.jpg,3840,2160,placa,2455,844,2551,911
PLACA_000959.jpg,3840,2160,placa,3058,769,3119,818
PLACA_000960.jpg,2592,1944,placa,465,560,2183,1413
PLACA_000961.jpg,2592,1944,placa,385,527,2039,1474
PLACA_000962.jpg,500,375,placa,123,130,337,263
PLACA_000963.jpg,416,416,placa,143,162,255,245
PLACA_000964.jpg,2592,1944,placa,808,655,2010,1175
PLACA_000965.jpg,2592,1944,placa,810,776,1428,1056
PLACA_000966.jpg,3024,4032,placa,1286,2702,1830,2976
PLACA_000967.jpg,3024,4032,placa,1355,2350,1800,2539
PLACA_000968.jpg,3264,2448,placa,436,555,2946,1777
PLACA_000969.jpg,4000,3000,placa,1734,819,2119,1010
PLACA_000970.jpg,3264,2448,placa,304,353,2901,1649
PLACA_000971.jpg,4000,3000,placa,1434,782,1919,1032
PLACA_000972.jpg,3264,2448,placa,386,377,2822,1794
PLACA_000973.jpg,3840,2160,placa,866,907,1178,1070
PLACA_000973.jpg,3840,2160,placa,1826,941,1989,1036
PLACA_000973.jpg,3840,2160,placa,2299,936,2388,994
PLACA_000973.jpg,3840,2160,placa,2799,990,2871,1035
PLACA_000974.jpg,2592,1944,placa,375,140,2283,1015
PLACA_000975.jpg,3264,2448,placa,569,336,1977,1102
PLACA_000976.jpg,3024,4032,placa,1055,2114,1522,2326
PLACA_000977.jpg,3024,4032,placa,1155,1756,1637,1983
PLACA_000978.jpg,2592,1944,placa,215,438,1465,1038
PLACA_000979.jpg,1024,768,placa,410,405,732,559
PLACA_000980.jpg,4000,3000,placa,1691,1379,2434,1741
PLACA_000981.jpg,500,375,placa,186,137,355,223
PLACA_000982.jpg,722,1280,placa,90,607,200,680
PLACA_000982.jpg,722,1280,placa,539,473,664,545
PLACA_000983.jpg,722,1280,placa,221,584,320,637
PLACA_000984.jpg,2592,1944,placa,1250,458,2170,1045
PLACA_000985.jpg,3024,4032,placa,1305,2556,1793,2806
PLACA_000986.jpg,3840,2160,placa,3386,920,3566,1047
PLACA_000986.jpg,3840,2160,placa,2301,663,2401,727
PLACA_000987.jpg,4000,3000,placa,1706,1379,2441,1710
PLACA_000988.jpg,300,400,placa,14,141,289,273
PLACA_000989.jpg,2592,1944,placa,123,383,2440,1508
PLACA_000990.jpg,500,375,placa,150,114,328,227
PLACA_000991.jpg,4000,3000,placa,1638,1566,2547,2007
PLACA_000992.jpg,3024,4032,placa,1341,2338,1807,2581
PLACA_000993.jpg,1600,1200,placa,666,338,988,572
PLACA_000994.jpg,1280,722,placa,534,295,639,363
PLACA_000995.jpg,4000,3000,placa,1531,1469,2163,1798
PLACA_000996.jpg,4000,3000,placa,2091,1132,2984,1548
PLACA_000997.jpg,2592,1944,placa,250,358,2591,1395
PLACA_000998.jpg,500,375,placa,96,80,407,267
PLACA_000999.jpg,1024,768,placa,408,411,734,558
PLACA_001000.jpg,4000,3000,placa,1569,1185,2503,1641
PLACA_001001.jpg,1024,768,placa,398,367,578,452
PLACA_001002.jpg,3264,2448,placa,386,240,2374,1284
PLACA_001003.jpg,500,375,placa,120,120,402,250
PLACA_001004.jpg,500,375,placa,136,111,379,244
PLACA_001005.jpg,3024,4032,placa,1366,2463,1751,2641
PLACA_001006.jpg,3840,2160,placa,281,1412,506,1560
PLACA_001006.jpg,3840,2160,placa,1288,1126,1418,1205
PLACA_001006.jpg,3840,2160,placa,2882,870,2942,918
PLACA_001006.jpg,3840,2160,placa,2591,919,2659,969
PLACA_001006.jpg,3840,2160,placa,1964,1010,2060,1085
PLACA_001007.jpg,3264,2448,placa,672,1234,2064,1897
PLACA_001008.jpg,4000,3000,placa,1453,1779,2388,2207
PLACA_001009.jpg,722,1280,placa,241,571,357,639
PLACA_001010.jpg,1600,1200,placa,608,369,981,566
PLACA_001011.jpg,500,375,placa,128,217,258,286
PLACA_001012.jpg,416,416,placa,176,218,258,267
PLACA_001013.jpg,3264,2448,placa,374,767,2474,1798
PLACA_001014.jpg,1024,768,placa,360,409,612,525
PLACA_001015.jpg,1280,722,placa,654,252,750,343
PLACA_001016.jpg,722,1280,placa,244,514,384,586
PLACA_001017.jpg,4000,3000,placa,1222,1044,1984,1460
PLACA_001018.jpg,4000,3000,placa,1850,1566,2919,2082
PLACA_001019.jpg,3840,2160,placa,839,845,1167,1039
PLACA_001019.jpg,3840,2160,placa,1823,947,1989,1058
PLACA_001019.jpg,3840,2160,placa,2300,974,2395,1042
PLACA_001019.jpg,3840,2160,placa,2798,1067,2873,1121
PLACA_001020.jpg,2592,1944,placa,384,539,1076,874
PLACA_001021.jpg,4000,3000,placa,1609,2107,2319,2410
PLACA_001022.jpg,3840,2160,placa,701,1287,1031,1449
PLACA_001022.jpg,3840,2160,placa,2023,1077,2158,1147
PLACA_001022.jpg,3840,2160,placa,2701,1060,2763,1100
PLACA_001022.jpg,3840,2160,placa,3063,1064,3114,1096
PLACA_001022.jpg,3840,2160,placa,2411,1084,2506,1142
PLACA_001023.jpg,3264,2448,placa,1148,986,2039,1442
PLACA_001024.jpg,4000,3000,placa,1256,1363,2250,1863
PLACA_001025.jpg,1024,768,placa,370,258,606,373
PLACA_001026.jpg,2592,1944,placa,478,315,1635,925
PLACA_001027.jpg,2592,1944,placa,103,288,2495,1385
PLACA_001028.jpg,2592,1944,placa,602,655,1613,1110
PLACA_001029.jpg,3024,4032,placa,1294,2151,1880,2457
PLACA_001030.jpg,4000,3000,placa,1653,1201,2469,1510
PLACA_001031.jpg,1600,1200,placa,525,215,980,442
PLACA_001032.jpg,2592,1944,placa,511,592,2346,1451
PLACA_001033.jpg,4000,3000,placa,1503,1366,2047,1598
PLACA_001034.jpg,3024,4032,placa,1270,2564,1758,2800
PLACA_001035.jpg,416,416,placa,176,190,252,245
PLACA_001036.jpg,500,375,placa,31,60,424,307
PLACA_001037.jpg,2592,1944,placa,705,728,2240,1438
PLACA_001038.jpg,400,300,placa,152,109,313,187
PLACA_001039.jpg,2592,1944,placa,575,450,1733,968
PLACA_001040.jpg,1600,1200,placa,476,351,936,581
PLACA_001041.jpg,3840,2160,placa,786,880,1114,1067
PLACA_001041.jpg,3840,2160,placa,1766,969,1928,1075
PLACA_001041.jpg,3840,2160,placa,2243,984,2339,1051
PLACA_001041.jpg,3840,2160,placa,2746,1067,2823,1119
PLACA_001042.jpg,3024,4032,placa,1201,2690,1733,2944
PLACA_001043.jpg,4000,3000,placa,1563,1313,2200,1616
PLACA_001044.jpg,1600,1200,placa,619,296,973,486
PLACA_001045.jpg,4000,3000,placa,1841,1385,2525,1694
PLACA_001046.jpg,2592,1944,placa,523,465,1525,1168
PLACA_001047.jpg,3840,2160,placa,2211,1265,2555,1472
PLACA_001047.jpg,3840,2160,placa,794,944,977,1073
PLACA_001047.jpg,3840,2160,placa,403,887,510,972
PLACA_001048.jpg,500,375,placa,156,161,337,247
PLACA_001049.jpg,500,375,placa,139,127,331,252
PLACA_001050.jpg,3024,4032,placa,1394,2240,1918,2468
PLACA_001051.jpg,4000,3000,placa,1450,1269,2231,1623
PLACA_001052.jpg,3024,4032,placa,1153,2383,1720,2653
PLACA_001053.jpg,500,375,placa,35,55,464,235
PLACA_001054.jpg,500,375,placa,134,110,363,229
PLACA_001055.jpg,2592,1944,placa,625,658,1573,1095
PLACA_001056.jpg,3264,2448,placa,482,952,2246,2151
PLACA_001057.jpg,3264,2448,placa,498,539,2113,1268
PLACA_001058.jpg,3264,2448,placa,587,440,2175,1246
PLACA_001059.jpg,3024,4032,placa,1099,2613,1566,2818
PLACA_001060.jpg,3024,4032,placa,1246,2573,1720,2786
PLACA_001061.jpg,3024,4032,placa,1460,2596,2073,2862
PLACA_001062.jpg,3024,4032,placa,1272,2451,1733,2672
PLACA_001063.jpg,4000,3000,placa,1706,1138,2431,1494
PLACA_001064.jpg,558,640,placa,54,161,491,383
PLACA_001065.jpg,4000,3000,placa,1384,1188,2441,1751
PLACA_001066.jpg,2592,1944,placa,278,373,2338,1325
PLACA_001067.jpg,4000,3000,placa,1400,1463,2519,1982
PLACA_001068.jpg,722,1280,placa,277,691,434,765
PLACA_001069.jpg,4000,3000,placa,1803,1388,2463,1676
PLACA_001070.jpg,2592,1944,placa,537,210,1286,632
PLACA_001071.jpg,4000,3000,placa,2556,1673,3169,2026
PLACA_001072.jpg,3024,4032,placa,1083,2253,1619,2493
PLACA_001073.jpg,3024,4032,placa,1173,2513,1670,2756
PLACA_001074.jpg,4000,3000,placa,2000,1238,2903,1685
PLACA_001075.jpg,4000,3000,placa,1409,1819,2363,2226
PLACA_001076.jpg,2592,1944,placa,570,230,1263,618
PLACA_001077.jpg,2592,1944,placa,413,163,2035,885
PLACA_001078.jpg,4000,3000,placa,1741,1423,2297,1666
PLACA_001079.jpg,3840,2160,placa,370,1739,701,1926
PLACA_001079.jpg,3840,2160,placa,1623,1312,1758,1396
PLACA_001079.jpg,3840,2160,placa,3221,1036,3259,1066
PLACA_001079.jpg,3840,2160,placa,3030,1064,3072,1094
PLACA_001079.jpg,3840,2160,placa,2360,1144,2425,1186
PLACA_001079.jpg,3840,2160,placa,2687,1105,2740,1145
PLACA_001080.jpg,3264,2448,placa,557,847,1640,1330
PLACA_001081.jpg,4000,3000,placa,1806,1194,2381,1441
PLACA_001082.jpg,3264,2448,placa,994,783,2273,1368
PLACA_001083.jpg,3264,2448,placa,560,796,1616,1384
PLACA_001084.jpg,4000,3000,placa,1906,1369,2338,1554
PLACA_001085.jpg,500,375,placa,84,71,431,224
PLACA_001086.jpg,3024,4032,placa,1254,2531,1757,2765
PLACA_001087.jpg,3024,4032,placa,1164,2207,1701,2479
PLACA_001088.jpg,3264,2448,placa,838,605,2342,1371
PLACA_001089.jpg,4000,3000,placa,1681,1457,2303,1735
PLACA_001090.jpg,4000,3000,placa,1559,1435,2459,1810
PLACA_001091.jpg,3264,2448,placa,1438,849,3016,1682
PLACA_001092.jpg,4000,3000,placa,1206,1482,2597,2201
PLACA_001093.jpg,500,375,placa,133,176,268,249
PLACA_001094.jpg,416,416,placa,167,160,246,209
PLACA_001095.jpg,4000,3000,placa,1597,1213,2478,1626
PLACA_001096.jpg,4000,3000,placa,1975,1207,2772,1573
PLACA_001097.jpg,4000,3000,placa,2028,1226,2584,1510
PLACA_001098.jpg,2592,1944,placa,994,553,1707,943
PLACA_001099.jpg,3024,4032,placa,1260,2195,1750,2421
PLACA_001100.jpg,4000,3000,placa,2031,1754,3091,2229
PLACA_001101.jpg,2592,1944,placa,452,204,2241,1076
PLACA_001102.jpg,3840,2160,placa,3640,1240,3806,1383
PLACA_001102.jpg,3840,2160,placa,2206,1019,2393,1158
PLACA_001102.jpg,3840,2160,placa,1424,904,1540,996
PLACA_001102.jpg,3840,2160,placa,862,835,932,905
PLACA_001103.jpg,3264,2448,placa,506,679,2888,1893
PLACA_001104.jpg,4000,3000,placa,1584,1207,2416,1591
PLACA_001105.jpg,3840,2160,placa,1676,442,1889,568
PLACA_001105.jpg,3840,2160,placa,2754,524,2807,564
PLACA_001105.jpg,3840,2160,placa,2572,512,2640,562
PLACA_001105.jpg,3840,2160,placa,2350,463,2453,540
PLACA_001106.jpg,4000,3000,placa,1703,1616,2559,2004
